"ID";"Points";"Victoire"
9;13;0
21;13;0
16;13;0
15;13;0
30;13;0
18;13;0
11;13;0
5;13;0
21;13;0
5;13;0
30;13;0
14;13;0
17;13;0
8;13;0
27;13;0
2;13;0
17;13;0
12;13;0
13;13;0
1;13;0
25;13;0
8;13;0
18;13;0
11;13;0
19;13;0
6;13;0
15;13;0
18;13;0
4;13;0
3;13;0
19;13;0
28;13;0
22;13;0
26;13;0
22;13;0
15;13;0
22;13;0
7;13;0
13;13;0
1;13;0
18;13;0
10;13;0
9;13;0
27;13;0
30;13;0
1;13;0
18;13;0
6;13;0
13;13;0
21;13;0
21;13;0
19;13;0
29;13;0
26;13;0
4;13;0
20;13;0
14;13;0
26;13;0
10;13;0
19;13;0
3;13;0
16;13;0
17;13;0
15;13;0
8;13;0
1;13;0
12;13;0
1;13;0
29;13;0
4;13;0
7;13;0
25;13;0
29;13;0
5;13;0
12;13;0
20;13;0
7;13;0
20;13;0
22;13;0
10;36;0
11;36;0
4;36;0
6;36;0
1;36;0
10;36;0
1;36;0
23;36;0
29;36;0
14;36;0
9;36;0
2;36;0
1;36;0
2;36;0
30;36;0
22;36;0
15;36;0
5;36;0
12;36;0
2;36;0
28;36;0
27;36;0
17;36;0
25;36;0
17;36;0
23;36;0
13;36;0
9;36;0
22;36;0
12;36;0
21;36;0
25;36;0
22;36;0
26;36;0
23;36;0
14;36;0
26;36;0
5;36;0
5;36;0
26;36;0
19;36;0
7;36;0
12;36;0
29;36;0
25;36;0
11;36;0
8;36;0
15;36;0
4;36;0
26;36;0
4;36;0
18;36;0
7;36;0
4;36;0
16;36;0
15;36;0
8;36;0
16;41;0
28;41;0
3;41;0
25;41;0
12;41;0
11;41;0
17;41;0
11;41;0
23;41;0
10;41;0
21;41;0
11;41;0
7;41;0
19;41;0
13;41;0
13;41;0
1;41;0
27;41;0
19;41;0
23;41;0
10;41;0
15;41;0
28;41;0
30;41;0
22;41;0
7;41;0
13;41;0
25;41;0
30;41;0
18;41;0
25;41;0
19;41;0
28;41;0
24;41;0
29;41;0
10;41;0
2;41;0
22;41;0
20;41;0
9;41;0
19;41;0
28;41;0
21;41;0
22;41;0
5;41;0
14;41;0
6;41;0
21;41;0
5;41;0
17;41;0
24;41;0
7;41;0
10;41;0
30;41;0
16;41;0
18;41;0
24;41;0
29;41;0
6;41;0
5;41;0
2;41;0
5;41;0
24;41;0
16;41;0
4;41;0
27;41;0
11;41;0
5;41;0
11;41;0
20;41;0
9;41;0
1;41;0
23;41;0
1;41;0
13;41;0
28;41;0
5;41;0
3;41;0
23;41;0
3;41;0
28;41;0
19;41;0
1;41;0
30;41;0
12;41;0
17;41;0
30;41;0
24;41;0
16;41;0
10;41;0
23;41;0
24;41;0
3;41;0
25;41;0
27;41;0
16;41;0
8;41;0
14;41;0
12;41;0
25;41;0
21;41;0
29;41;0
1;41;0
12;41;0
1;41;0
13;41;0
10;41;0
13;41;0
22;41;0
16;41;0
1;41;0
23;50;0
4;50;0
1;50;0
6;50;0
14;50;0
30;50;0
16;50;0
8;50;0
30;50;0
27;50;0
30;50;0
27;50;0
3;50;0
19;50;0
28;50;0
25;50;0
11;50;0
2;50;0
18;50;0
1;50;0
18;50;0
15;50;0
14;50;0
3;50;0
4;50;0
29;50;0
10;50;0
26;50;0
14;50;0
19;50;0
10;50;0
17;50;0
17;50;0
19;50;0
27;50;0
29;50;0
16;50;0
17;50;0
28;50;0
26;50;0
30;50;0
4;50;0
7;50;0
15;50;0
21;50;0
2;50;0
4;50;0
10;50;0
18;50;0
26;50;0
18;50;0
2;50;0
14;50;0
3;50;0
2;50;0
15;50;0
22;50;0
3;50;0
22;50;0
26;50;0
22;50;0
27;50;0
13;50;0
6;50;0
28;50;0
22;50;0
1;50;0
27;50;0
22;50;0
27;50;0
2;50;0
30;50;0
10;50;0
13;50;0
16;50;0
9;50;0
3;50;0
27;50;0
17;50;0
22;50;0
15;50;0
13;50;0
25;50;0
1;50;0
21;50;0
16;50;0
4;50;0
12;50;0
18;50;0
28;50;0
24;50;0
17;50;0
21;50;0
29;50;0
20;50;0
13;50;0
29;50;0
6;50;0
20;50;0
13;50;0
26;50;0
18;50;0
29;50;0
9;50;0
15;50;0
14;50;0
23;50;0
26;50;0
7;50;0
10;50;0
8;50;0
20;50;0
16;50;0
4;50;0
10;50;0
13;50;0
8;50;0
29;50;0
3;50;0
5;50;0
29;50;0
15;50;0
29;50;0
6;51;0
24;51;0
28;51;0
17;51;0
3;51;0
5;51;0
8;51;0
2;51;0
2;51;0
12;51;0
13;51;0
26;51;0
23;51;0
28;51;0
12;51;0
27;51;0
3;51;0
14;51;0
23;51;0
8;51;0
13;51;0
22;51;0
2;51;0
1;51;0
16;51;0
16;51;0
11;51;0
5;51;0
28;51;0
13;51;0
5;51;0
8;51;0
24;51;0
19;51;0
22;51;0
17;51;0
14;51;0
15;51;0
3;51;0
16;51;0
12;51;0
19;51;0
4;51;0
15;51;0
6;51;0
13;51;0
8;51;0
23;51;0
22;51;0
18;51;0
13;51;0
5;53;0
23;53;0
20;53;0
25;53;0
3;53;0
8;53;0
20;53;0
26;53;0
24;53;0
27;53;0
4;53;0
8;53;0
12;53;0
25;53;0
7;53;0
13;53;0
8;53;0
29;53;0
12;53;0
10;53;0
12;53;0
30;53;0
7;53;0
6;53;0
28;53;0
12;53;0
25;53;0
10;53;0
18;53;0
27;53;0
17;53;0
7;53;0
23;53;0
12;53;0
15;53;0
10;53;0
10;53;0
9;53;0
1;53;0
10;53;0
23;53;0
29;53;0
20;53;0
15;53;0
7;53;0
25;53;0
8;53;0
19;53;0
3;53;0
10;53;0
22;53;0
15;53;0
26;53;0
11;53;0
16;53;0
14;53;0
24;53;0
6;53;0
28;53;0
28;55;0
21;55;0
19;55;0
19;55;0
19;55;0
25;55;0
25;55;0
19;55;0
4;55;0
5;55;0
7;55;0
10;55;0
27;55;0
17;55;0
1;55;0
12;55;0
8;55;0
4;55;0
1;55;0
1;55;0
7;55;0
25;55;0
7;55;0
19;55;0
17;55;0
16;55;0
6;55;0
7;55;0
7;55;0
28;55;0
10;55;0
22;55;0
11;55;0
11;55;0
10;55;0
9;55;0
7;55;0
16;55;0
9;55;0
13;55;0
30;55;0
9;55;0
7;55;0
14;55;0
11;55;0
20;55;0
11;55;0
27;55;0
12;55;0
12;55;0
1;55;0
22;55;0
30;55;0
11;55;0
8;55;0
8;55;0
8;55;0
13;55;0
27;55;0
14;55;0
24;55;0
18;55;0
16;55;0
20;55;0
18;61;0
8;61;0
29;61;0
11;61;0
20;61;0
27;61;0
2;61;0
24;61;0
17;61;0
11;61;0
24;61;0
9;61;0
19;61;0
23;61;0
16;61;0
17;61;0
25;61;0
1;61;0
25;61;0
2;61;0
19;61;0
24;61;0
22;61;0
10;61;0
13;61;0
18;61;0
25;61;0
29;61;0
10;61;0
18;61;0
6;61;0
2;61;0
21;61;0
26;61;0
29;61;0
18;61;0
9;61;0
17;61;0
16;61;0
30;61;0
15;61;0
19;61;0
25;61;0
2;61;0
3;61;0
9;61;0
3;61;0
9;61;0
26;61;0
6;61;0
22;61;0
24;61;0
18;61;0
11;61;0
3;61;0
1;61;0
14;61;0
3;61;0
27;61;0
11;61;0
24;61;0
29;61;0
27;61;0
24;61;0
26;61;0
6;65;0
22;65;0
26;65;0
10;65;0
26;65;0
9;65;0
8;65;0
29;65;0
30;65;0
22;65;0
18;65;0
14;65;0
22;65;0
22;65;0
10;65;0
17;65;0
27;65;0
10;65;0
9;65;0
20;65;0
17;65;0
25;65;0
11;65;0
28;65;0
15;65;0
5;65;0
2;65;0
18;65;0
15;65;0
15;65;0
11;65;0
23;65;0
4;65;0
22;65;0
28;65;0
10;65;0
8;65;0
9;65;0
11;65;0
20;65;0
26;65;0
25;65;0
5;65;0
27;65;0
20;65;0
1;65;0
17;65;0
17;65;0
27;65;0
21;65;0
27;65;0
7;65;0
15;65;0
28;65;0
25;65;0
28;65;0
5;65;0
29;65;0
3;65;0
26;70;0
4;70;0
24;70;0
29;70;0
12;70;0
12;70;0
6;70;0
17;70;0
16;70;0
29;70;0
19;70;0
24;70;0
15;70;0
10;70;0
21;70;0
17;70;0
4;70;0
23;70;0
26;70;0
22;70;0
28;70;0
28;70;0
7;70;0
30;70;0
22;70;0
9;70;0
29;70;0
14;70;0
8;70;0
21;70;0
13;70;0
8;70;0
23;70;0
14;70;0
12;70;0
4;70;0
14;70;0
16;70;0
2;70;0
3;70;0
14;70;0
30;70;0
7;70;0
9;70;0
18;70;0
30;70;0
30;70;0
15;70;0
17;70;0
24;70;0
12;70;0
26;70;0
27;70;0
26;70;0
6;70;0
12;70;0
16;70;0
7;70;0
14;70;0
19;70;0
17;70;0
28;70;0
20;70;0
18;70;0
18;70;0
25;70;0
12;70;0
18;70;0
21;70;0
24;70;0
12;70;0
6;70;0
29;70;0
2;70;0
23;70;0
15;72;0
14;72;0
10;72;0
6;72;0
10;72;0
14;72;0
21;72;0
5;72;0
26;72;0
17;72;0
6;72;0
4;72;0
25;72;0
29;72;0
17;72;0
19;72;0
30;72;0
25;72;0
24;72;0
16;72;0
26;72;0
24;72;0
8;72;0
5;72;0
16;72;0
2;72;0
18;72;0
4;72;0
26;72;0
25;72;0
22;72;0
16;72;0
2;72;0
25;72;0
15;72;0
19;72;0
28;72;0
13;72;0
2;72;0
30;72;0
7;72;0
8;72;0
17;72;0
29;72;0
20;72;0
3;72;0
19;72;0
27;72;0
28;72;0
3;72;0
15;72;0
7;72;0
19;72;0
18;72;0
16;72;0
3;72;0
8;72;0
11;72;0
12;72;0
23;72;0
2;72;0
6;72;0
18;72;0
25;72;0
29;72;0
19;72;0
6;72;0
9;72;0
25;72;0
24;72;0
7;72;0
9;72;0
16;72;0
8;72;0
18;72;0
21;72;0
12;72;0
22;72;0
29;72;0
9;72;0
8;72;0
13;72;0
27;72;0
22;72;0
16;72;0
5;72;0
22;72;0
24;72;0
30;72;0
11;72;0
24;72;0
22;72;0
11;72;0
8;72;0
4;72;0
17;72;0
17;72;0
30;72;0
6;72;0
1;72;0
29;72;0
13;72;0
2;72;0
23;72;0
7;72;0
6;72;0
1;72;0
1;72;0
4;72;0
25;72;0
11;72;0
2;72;0
17;72;0
7;72;0
25;72;0
18;72;0
16;72;0
19;72;0
17;72;0
13;72;0
4;72;0
4;72;0
18;72;0
12;72;0
27;72;0
28;72;0
28;72;0
8;72;0
14;72;0
3;72;0
29;72;0
12;72;0
22;72;0
28;72;0
8;72;0
21;72;0
10;72;0
13;73;0
17;73;0
22;73;0
19;73;0
22;73;0
16;73;0
24;73;0
4;73;0
7;73;0
7;73;0
20;73;0
1;73;0
5;73;0
26;73;0
10;73;0
3;73;0
7;73;0
25;73;0
2;73;0
19;73;0
16;73;0
17;73;0
11;73;0
28;73;0
1;73;0
28;73;0
15;73;0
12;73;0
10;73;0
30;73;0
17;73;0
27;73;0
7;73;0
19;73;0
16;73;0
4;73;0
4;73;0
1;73;0
5;73;0
27;73;0
25;73;0
27;73;0
22;73;0
14;73;0
7;73;0
9;73;0
23;73;0
26;73;0
26;73;0
14;73;0
18;73;0
14;73;0
23;73;0
2;73;0
12;73;0
29;73;0
27;73;0
23;73;0
20;73;0
5;73;0
28;73;0
8;73;0
15;73;0
25;73;0
3;73;0
1;73;0
7;73;0
2;73;0
20;73;0
21;78;0
8;78;0
9;78;0
7;78;0
15;78;0
14;78;0
14;78;0
8;78;0
19;78;0
25;78;0
10;78;0
29;78;0
5;78;0
17;78;0
29;78;0
19;78;0
30;78;0
24;78;0
7;78;0
8;78;0
14;78;0
8;78;0
9;78;0
2;78;0
30;78;0
21;78;0
21;78;0
17;78;0
19;78;0
7;78;0
5;78;0
20;78;0
23;78;0
23;78;0
16;78;0
15;78;0
14;78;0
8;78;0
13;78;0
17;78;0
5;78;0
17;78;0
3;78;0
26;78;0
13;78;0
27;78;0
1;78;0
2;78;0
6;78;0
1;78;0
12;78;0
3;78;0
25;78;0
21;78;0
22;78;0
24;78;0
14;78;0
30;78;0
10;78;0
13;78;0
21;78;0
17;78;0
11;78;0
19;78;0
23;78;0
26;78;0
9;78;0
25;78;0
6;78;0
28;78;0
11;78;0
16;78;0
23;78;0
4;78;0
2;78;0
15;78;0
23;78;0
2;78;0
7;78;0
23;78;0
27;78;0
17;78;0
20;78;0
19;78;0
16;78;0
11;78;0
19;78;0
13;78;0
24;78;0
10;78;0
5;78;0
11;78;0
29;78;0
7;78;0
20;78;0
15;78;0
5;78;0
4;78;0
10;78;0
26;78;0
8;78;0
25;78;0
18;78;0
11;78;0
16;78;0
8;78;0
4;78;0
7;78;0
20;78;0
13;78;0
11;78;0
3;78;0
25;78;0
18;78;0
18;78;0
22;78;0
11;78;0
25;78;0
13;78;0
10;78;0
8;78;0
9;78;0
27;78;0
9;78;0
9;78;0
11;78;0
26;78;0
4;78;0
7;78;0
27;78;0
17;78;0
12;78;0
5;78;0
1;78;0
7;78;0
18;78;0
26;78;0
21;78;0
18;78;0
27;78;0
16;79;0
29;79;0
10;79;0
29;79;0
28;79;0
3;79;0
24;79;0
17;79;0
7;79;0
28;79;0
26;79;0
15;79;0
25;79;0
11;79;0
25;79;0
4;79;0
1;79;0
25;79;0
9;79;0
7;79;0
9;79;0
27;79;0
22;79;0
17;79;0
15;79;0
28;79;0
23;79;0
7;79;0
24;79;0
12;79;0
3;79;0
16;79;0
20;79;0
11;79;0
30;79;0
2;79;0
7;79;0
27;79;0
10;79;0
6;79;0
27;79;0
15;79;0
30;79;0
8;79;0
29;79;0
9;79;0
13;79;0
20;79;0
13;79;0
23;79;0
5;79;0
16;79;0
15;79;0
4;79;0
17;79;0
29;79;0
8;79;0
20;79;0
11;79;0
21;80;0
3;80;0
13;80;0
11;80;0
27;80;0
17;80;0
14;80;0
23;80;0
9;80;0
3;80;0
19;80;0
15;80;0
16;80;0
30;80;0
18;80;0
5;80;0
1;80;0
22;80;0
25;80;0
22;80;0
18;80;0
6;80;0
21;80;0
30;80;0
4;80;0
19;80;0
22;80;0
19;80;0
28;80;0
8;80;0
27;80;0
23;80;0
18;80;0
14;80;0
22;80;0
20;80;0
22;80;0
5;80;0
5;80;0
23;80;0
1;80;0
25;80;0
15;80;0
27;80;0
12;80;0
27;80;0
1;80;0
12;80;0
21;80;0
17;80;0
7;80;0
30;80;0
18;85;0
23;85;0
29;85;0
14;85;0
17;85;0
29;85;0
19;85;0
1;85;0
16;85;0
9;85;0
18;85;0
27;85;0
10;85;0
2;85;0
28;85;0
22;85;0
16;85;0
25;85;0
23;85;0
23;85;0
14;85;0
14;85;0
24;85;0
3;85;0
6;85;0
2;85;0
4;85;0
14;85;0
17;85;0
15;85;0
17;85;0
17;85;0
7;85;0
17;85;0
23;85;0
12;85;0
2;85;0
11;85;0
2;85;0
21;85;0
4;85;0
22;85;0
17;85;0
17;85;0
6;85;0
22;85;0
25;85;0
26;85;0
1;85;0
29;85;0
18;85;0
15;85;0
14;85;0
13;85;0
12;85;0
26;85;0
5;85;0
29;85;0
29;85;0
26;85;0
11;85;0
9;85;0
2;85;0
30;85;0
27;85;0
16;85;0
30;85;0
25;85;0
27;85;0
13;85;0
10;85;0
21;85;0
3;85;0
17;85;0
20;85;0
17;85;0
5;85;0
28;89;0
24;89;0
28;89;0
5;89;0
26;89;0
27;89;0
2;89;0
1;89;0
14;89;0
29;89;0
14;89;0
23;89;0
8;89;0
7;89;0
16;89;0
27;89;0
4;89;0
24;89;0
10;89;0
26;89;0
2;89;0
30;89;0
30;89;0
16;89;0
6;89;0
4;89;0
6;89;0
2;89;0
12;89;0
19;89;0
17;89;0
16;89;0
22;89;0
14;89;0
3;89;0
21;89;0
17;89;0
20;89;0
25;89;0
19;89;0
14;89;0
6;89;0
27;89;0
9;89;0
19;89;0
29;89;0
23;89;0
19;89;0
16;89;0
27;89;0
15;89;0
13;92;0
12;92;0
22;92;0
24;92;0
21;92;0
22;92;0
11;92;0
23;92;0
25;92;0
18;92;0
23;92;0
14;92;0
13;92;0
13;92;0
5;92;0
17;92;0
10;92;0
11;92;0
24;92;0
16;92;0
10;92;0
27;92;0
19;92;0
21;92;0
3;92;0
17;92;0
25;92;0
22;92;0
15;92;0
30;92;0
22;92;0
29;92;0
8;92;0
13;92;0
16;92;0
2;92;0
3;92;0
28;92;0
24;92;0
3;92;0
2;92;0
3;92;0
4;92;0
14;92;0
30;92;0
20;92;0
21;92;0
5;92;0
29;92;0
7;92;0
5;92;0
16;92;0
14;92;0
27;92;0
4;92;0
21;92;0
26;92;0
6;92;0
21;92;0
29;92;0
25;92;0
26;92;0
3;92;0
1;92;0
16;92;0
1;92;0
28;92;0
18;92;0
10;92;0
14;92;0
5;92;0
10;92;0
18;92;0
27;92;0
2;92;0
12;92;0
25;92;0
23;92;0
27;92;0
30;92;0
19;92;0
2;92;0
11;92;0
1;92;0
20;92;0
6;92;0
17;92;0
6;92;0
11;92;0
3;92;0
21;92;0
11;92;0
12;92;0
18;92;0
5;92;0
19;92;0
1;92;0
1;92;0
7;92;0
27;92;0
11;92;0
2;92;0
24;92;0
21;92;0
1;92;0
5;92;0
29;92;0
3;92;0
9;92;0
24;92;0
3;92;0
13;92;0
28;92;0
3;92;0
4;92;0
29;92;0
2;92;0
27;92;0
15;92;0
29;92;0
14;92;0
21;92;0
12;92;0
9;92;0
2;94;0
16;94;0
19;94;0
10;94;0
27;94;0
16;94;0
10;94;0
14;94;0
12;94;0
7;94;0
6;94;0
28;94;0
7;94;0
26;94;0
23;94;0
6;94;0
1;94;0
6;94;0
2;94;0
27;94;0
30;94;0
14;94;0
6;94;0
17;94;0
23;94;0
16;94;0
9;94;0
18;94;0
27;94;0
28;94;0
30;94;0
6;94;0
15;94;0
27;94;0
1;94;0
21;94;0
24;94;0
27;94;0
23;94;0
5;94;0
3;94;0
12;94;0
16;94;0
16;94;0
2;94;0
3;94;0
30;94;0
8;94;0
3;94;0
27;94;0
8;94;0
3;94;0
13;94;0
14;94;0
8;94;0
1;94;0
5;94;0
21;94;0
24;94;0
30;94;0
9;94;0
23;94;0
14;94;0
4;94;0
24;94;0
29;94;0
4;97;0
7;97;0
6;97;0
24;97;0
24;97;0
6;97;0
22;97;0
7;97;0
26;97;0
8;97;0
4;97;0
4;97;0
29;97;0
13;97;0
17;97;0
30;97;0
4;97;0
10;97;0
26;97;0
29;97;0
16;97;0
27;97;0
17;97;0
9;97;0
29;97;0
5;97;0
6;97;0
18;97;0
8;97;0
10;97;0
30;97;0
28;97;0
27;97;0
24;97;0
15;97;0
23;97;0
20;97;0
26;97;0
26;97;0
3;97;0
9;97;0
28;97;0
15;97;0
13;97;0
13;97;0
11;97;0
14;97;0
16;97;0
18;97;0
24;97;0
2;97;0
10;97;0
11;97;0
18;97;0
11;97;0
19;97;0
8;97;0
1;97;0
30;97;0
15;97;0
13;103;0
16;103;0
21;103;0
2;103;0
21;103;0
23;103;0
3;103;0
15;103;0
6;103;0
10;103;0
9;103;0
8;103;0
29;103;0
5;103;0
30;103;0
21;103;0
13;103;0
3;103;0
27;103;0
6;103;0
20;103;0
19;103;0
2;103;0
16;103;0
26;103;0
3;103;0
3;103;0
10;103;0
13;103;0
19;103;0
7;103;0
17;103;0
8;103;0
2;103;0
17;103;0
24;103;0
18;103;0
9;103;0
28;103;0
28;103;0
4;103;0
26;103;0
29;103;0
20;103;0
4;103;0
29;103;0
11;103;0
30;103;0
19;103;0
16;103;0
24;103;0
25;103;0
20;103;0
27;103;0
18;103;0
28;103;0
23;103;0
9;103;0
2;103;0
23;103;0
2;103;0
22;103;0
4;103;0
29;103;0
26;103;0
21;103;0
5;103;0
29;103;0
20;103;0
22;103;0
28;103;0
29;103;0
28;103;0
10;103;0
14;103;0
20;103;0
6;103;0
10;103;0
2;103;0
28;104;0
22;104;0
1;104;0
27;104;0
11;104;0
15;104;0
15;104;0
30;104;0
9;104;0
19;104;0
24;104;0
2;104;0
1;104;0
29;104;0
27;104;0
29;104;0
28;104;0
22;104;0
15;104;0
8;104;0
13;104;0
30;104;0
3;104;0
4;104;0
19;104;0
5;104;0
29;104;0
27;104;0
29;104;0
25;104;0
14;104;0
22;104;0
4;104;0
29;104;0
17;104;0
30;104;0
15;104;0
21;104;0
26;104;0
10;104;0
7;104;0
5;104;0
21;104;0
21;104;0
19;104;0
20;104;0
24;104;0
3;104;0
13;104;0
25;104;0
13;104;0
29;104;0
12;104;0
25;104;0
19;104;0
27;104;0
29;104;0
20;104;0
18;104;0
8;104;0
24;104;0
16;104;0
12;106;0
17;106;0
8;106;0
20;106;0
17;106;0
20;106;0
6;106;0
12;106;0
5;106;0
23;106;0
11;106;0
6;106;0
21;106;0
3;106;0
10;106;0
29;106;0
6;106;0
29;106;0
10;106;0
6;106;0
19;106;0
15;106;0
29;106;0
18;106;0
13;106;0
13;106;0
29;106;0
17;106;0
24;106;0
16;106;0
19;106;0
8;106;0
3;106;0
24;106;0
28;106;0
11;106;0
19;106;0
27;106;0
14;106;0
1;106;0
24;106;0
21;106;0
2;106;0
28;106;0
8;106;0
6;106;0
17;106;0
9;106;0
17;106;0
17;106;0
21;106;0
19;106;0
9;106;0
3;106;0
17;106;0
29;106;0
6;106;0
9;106;0
13;112;0
21;112;0
24;112;0
10;112;0
27;112;0
3;112;0
9;112;0
20;112;0
8;112;0
19;112;0
23;112;0
12;112;0
4;112;0
20;112;0
14;112;0
13;112;0
8;112;0
21;112;0
28;112;0
5;112;0
19;112;0
15;112;0
16;112;0
10;112;0
23;112;0
18;112;0
24;112;0
18;112;0
27;112;0
3;112;0
2;112;0
13;112;0
12;112;0
12;112;0
20;112;0
25;112;0
12;112;0
22;112;0
15;112;0
26;112;0
8;112;0
19;112;0
20;112;0
19;112;0
12;112;0
6;112;0
26;112;0
28;112;0
21;112;0
9;112;0
26;112;0
11;112;0
8;112;0
16;112;0
29;112;0
12;112;0
25;112;0
15;112;0
14;112;0
18;112;0
8;112;0
2;114;0
20;114;0
15;114;0
17;114;0
9;114;0
6;114;0
21;114;0
7;114;0
27;114;0
21;114;0
14;114;0
17;114;0
21;114;0
24;114;0
25;114;0
20;114;0
3;114;0
30;114;0
29;114;0
6;114;0
13;114;0
17;114;0
11;114;0
5;114;0
6;114;0
28;114;0
8;114;0
16;114;0
27;114;0
4;114;0
9;114;0
11;114;0
6;114;0
13;114;0
17;114;0
21;114;0
21;114;0
23;114;0
15;114;0
18;114;0
27;114;0
12;114;0
30;114;0
22;114;0
26;114;0
30;114;0
26;114;0
26;114;0
15;114;0
25;114;0
7;114;0
6;114;0
6;114;0
22;114;0
10;114;0
1;114;0
18;114;0
2;114;0
9;6;1
25;6;1
26;6;1
6;6;1
27;6;1
1;6;1
19;6;1
19;6;1
26;6;1
22;6;1
11;6;1
1;6;1
12;6;1
12;6;1
25;6;1
13;6;1
10;6;1
10;6;1
17;6;1
12;6;1
7;6;1
24;6;1
1;6;1
19;6;1
21;6;1
11;6;1
14;6;1
21;6;1
17;6;1
8;6;1
16;6;1
16;6;1
22;6;1
22;6;1
28;6;1
12;6;1
8;6;1
28;6;1
5;6;1
13;6;1
5;6;1
19;6;1
18;6;1
6;6;1
13;6;1
26;6;1
16;6;1
28;6;1
27;6;1
26;6;1
23;6;1
25;6;1
14;6;1
10;6;1
11;6;1
19;6;1
30;6;1
9;6;1
4;6;1
25;6;1
20;6;1
11;6;1
22;10;1
22;10;1
5;10;1
4;10;1
27;10;1
20;10;1
15;10;1
11;10;1
30;10;1
6;10;1
8;10;1
16;10;1
19;10;1
26;10;1
30;10;1
18;10;1
8;10;1
4;10;1
14;10;1
20;10;1
20;10;1
30;10;1
14;10;1
12;10;1
7;10;1
19;10;1
9;10;1
10;10;1
20;10;1
16;10;1
1;10;1
21;10;1
20;10;1
6;10;1
8;10;1
26;10;1
27;10;1
18;10;1
4;10;1
10;10;1
29;10;1
13;10;1
21;10;1
2;10;1
1;10;1
4;10;1
6;10;1
28;10;1
22;10;1
7;10;1
27;10;1
26;10;1
22;10;1
26;10;1
30;10;1
15;10;1
14;10;1
14;10;1
17;10;1
10;10;1
21;10;1
14;10;1
14;10;1
23;10;1
9;10;1
9;10;1
2;10;1
18;10;1
24;10;1
26;10;1
17;10;1
6;10;1
11;10;1
29;10;1
21;10;1
10;10;1
25;10;1
26;10;1
30;10;1
19;10;1
5;10;1
20;10;1
13;10;1
18;10;1
29;10;1
13;10;1
7;10;1
3;10;1
15;10;1
4;10;1
4;10;1
3;10;1
3;10;1
12;10;1
25;10;1
24;10;1
29;10;1
13;10;1
19;10;1
12;10;1
15;10;1
6;10;1
19;10;1
15;10;1
17;10;1
27;10;1
7;10;1
27;10;1
9;10;1
17;10;1
7;10;1
3;10;1
23;10;1
18;10;1
23;10;1
12;10;1
30;10;1
15;10;1
18;10;1
26;10;1
13;10;1
20;10;1
24;10;1
8;10;1
4;12;1
19;12;1
17;12;1
29;12;1
5;12;1
9;12;1
11;12;1
9;12;1
3;12;1
25;12;1
3;12;1
1;12;1
10;12;1
24;12;1
22;12;1
28;12;1
6;12;1
17;12;1
4;12;1
15;12;1
25;12;1
14;12;1
25;12;1
14;12;1
19;12;1
21;12;1
23;12;1
27;12;1
23;12;1
15;12;1
13;12;1
18;12;1
3;12;1
2;12;1
7;12;1
16;12;1
6;12;1
3;12;1
30;12;1
26;12;1
4;12;1
27;12;1
14;12;1
27;12;1
22;12;1
29;12;1
25;12;1
3;12;1
30;12;1
19;12;1
21;12;1
25;12;1
9;12;1
4;12;1
30;12;1
30;12;1
8;12;1
27;12;1
16;12;1
11;12;1
11;12;1
16;12;1
25;12;1
16;12;1
9;12;1
7;12;1
11;12;1
7;12;1
20;12;1
7;12;1
4;12;1
8;12;1
12;12;1
25;12;1
20;12;1
20;12;1
7;12;1
19;12;1
12;12;1
23;12;1
5;12;1
14;12;1
24;12;1
2;12;1
25;12;1
29;12;1
8;12;1
7;12;1
3;12;1
11;12;1
10;12;1
14;12;1
5;12;1
15;12;1
9;12;1
5;12;1
22;12;1
19;12;1
19;12;1
5;12;1
30;12;1
24;12;1
16;12;1
8;12;1
6;12;1
16;12;1
4;12;1
5;12;1
9;12;1
23;12;1
22;12;1
20;12;1
7;12;1
20;12;1
9;12;1
10;12;1
5;12;1
29;12;1
13;12;1
6;12;1
12;12;1
2;12;1
19;12;1
8;12;1
10;12;1
9;12;1
7;12;1
5;12;1
6;12;1
4;12;1
20;12;1
7;12;1
1;12;1
15;12;1
24;12;1
19;12;1
5;12;1
24;12;1
5;12;1
9;12;1
17;12;1
23;12;1
27;12;1
28;12;1
19;12;1
14;12;1
5;12;1
1;12;1
1;12;1
16;12;1
5;12;1
22;12;1
25;12;1
29;12;1
27;12;1
8;12;1
3;12;1
14;12;1
12;12;1
6;12;1
6;12;1
4;12;1
29;12;1
13;12;1
7;12;1
29;12;1
11;12;1
16;12;1
24;12;1
5;12;1
9;12;1
15;12;1
19;12;1
9;12;1
16;12;1
22;12;1
24;12;1
1;12;1
8;12;1
19;12;1
7;12;1
1;12;1
21;12;1
3;12;1
23;12;1
6;12;1
25;12;1
23;12;1
24;12;1
11;12;1
15;12;1
17;12;1
28;12;1
18;12;1
17;12;1
13;12;1
24;12;1
8;12;1
21;12;1
29;12;1
7;12;1
23;12;1
15;12;1
4;12;1
17;12;1
15;12;1
27;12;1
12;12;1
23;12;1
16;12;1
9;12;1
11;12;1
4;12;1
5;12;1
11;12;1
16;12;1
5;12;1
4;12;1
9;12;1
20;12;1
4;12;1
25;12;1
4;12;1
22;12;1
17;12;1
14;12;1
18;12;1
22;12;1
30;12;1
7;12;1
25;12;1
16;12;1
29;12;1
17;12;1
14;12;1
14;12;1
19;12;1
15;12;1
19;12;1
7;12;1
23;12;1
23;12;1
28;12;1
20;12;1
6;12;1
5;12;1
8;12;1
23;12;1
19;12;1
15;12;1
25;12;1
11;12;1
22;12;1
29;12;1
19;12;1
22;12;1
2;12;1
3;12;1
5;12;1
11;12;1
8;12;1
3;12;1
18;12;1
9;12;1
7;12;1
22;12;1
19;12;1
19;12;1
30;12;1
10;12;1
24;12;1
8;12;1
5;12;1
5;12;1
4;12;1
11;12;1
3;12;1
10;12;1
26;12;1
10;12;1
2;12;1
7;12;1
19;12;1
22;12;1
1;12;1
11;12;1
25;12;1
22;12;1
14;12;1
28;12;1
19;12;1
13;12;1
30;12;1
29;12;1
6;12;1
16;12;1
2;12;1
17;12;1
5;12;1
7;12;1
22;12;1
15;12;1
11;12;1
21;12;1
13;12;1
25;12;1
30;12;1
30;12;1
8;12;1
22;12;1
23;12;1
9;12;1
11;12;1
29;12;1
12;12;1
1;12;1
28;12;1
24;12;1
23;12;1
1;12;1
10;12;1
22;12;1
9;12;1
24;12;1
24;12;1
28;12;1
22;12;1
23;12;1
30;12;1
20;12;1
24;12;1
17;12;1
18;12;1
10;12;1
23;12;1
20;12;1
15;12;1
10;12;1
19;12;1
24;12;1
18;12;1
19;12;1
27;12;1
2;12;1
6;12;1
3;12;1
19;12;1
1;12;1
21;12;1
9;12;1
23;12;1
13;12;1
29;12;1
9;12;1
1;12;1
6;12;1
22;12;1
19;12;1
8;12;1
26;12;1
19;12;1
19;12;1
20;12;1
18;12;1
25;12;1
1;12;1
19;12;1
21;12;1
28;12;1
23;12;1
7;12;1
27;12;1
1;12;1
20;12;1
23;12;1
8;12;1
2;12;1
15;12;1
10;12;1
10;12;1
20;12;1
6;12;1
14;12;1
28;12;1
20;12;1
30;12;1
30;12;1
25;12;1
30;12;1
30;12;1
25;12;1
30;12;1
30;12;1
25;12;1
30;12;1
25;12;1
30;12;1
25;12;1
25;12;1
30;12;1
25;12;1
1;13;1
9;13;1
6;13;1
21;13;1
6;13;1
21;13;1
23;13;1
12;13;1
8;13;1
12;13;1
26;13;1
17;13;1
25;13;1
20;13;1
18;13;1
26;13;1
14;13;1
2;13;1
2;13;1
27;13;1
15;13;1
1;13;1
5;13;1
25;13;1
5;13;1
28;13;1
14;13;1
8;13;1
11;13;1
24;13;1
28;13;1
5;13;1
14;13;1
29;13;1
25;13;1
18;13;1
13;13;1
11;13;1
13;13;1
21;13;1
29;13;1
26;13;1
16;13;1
29;13;1
23;13;1
19;13;1
17;13;1
12;13;1
13;13;1
27;13;1
7;13;1
27;13;1
4;13;1
30;13;1
2;13;1
20;13;1
25;13;1
15;13;1
22;13;1
9;13;1
29;13;1
1;13;1
29;13;1
1;13;1
27;13;1
22;13;1
25;13;1
24;13;1
15;13;1
4;13;1
3;13;1
16;13;1
18;13;1
10;13;1
18;13;1
23;13;1
15;13;1
3;13;1
6;13;1
13;13;1
25;13;1
14;13;1
24;13;1
29;13;1
7;13;1
1;13;1
12;13;1
16;13;1
24;13;1
7;13;1
29;13;1
20;13;1
18;13;1
20;13;1
26;13;1
21;13;1
2;13;1
10;13;1
6;13;1
22;13;1
10;13;1
2;13;1
5;13;1
9;13;1
3;13;1
11;13;1
9;13;1
24;13;1
14;13;1
8;13;1
23;13;1
22;13;1
23;13;1
13;13;1
23;13;1
18;13;1
20;13;1
2;13;1
23;13;1
23;13;1
28;13;1
15;13;1
20;13;1
7;13;1
26;13;1
9;13;1
16;13;1
14;13;1
13;13;1
2;13;1
14;13;1
4;13;1
28;13;1
8;13;1
24;13;1
28;13;1
23;13;1
15;13;1
20;13;1
11;13;1
21;13;1
23;13;1
12;13;1
8;13;1
8;13;1
22;13;1
8;13;1
19;13;1
6;13;1
26;13;1
8;13;1
25;13;1
19;13;1
26;13;1
26;13;1
10;13;1
26;13;1
25;13;1
7;13;1
23;13;1
21;13;1
16;13;1
29;13;1
3;13;1
23;13;1
4;13;1
21;13;1
20;13;1
10;13;1
12;13;1
12;13;1
23;13;1
27;13;1
16;13;1
18;13;1
10;13;1
25;13;1
5;13;1
10;13;1
12;13;1
17;13;1
6;13;1
11;13;1
12;13;1
19;13;1
17;13;1
2;13;1
20;13;1
24;13;1
30;13;1
30;13;1
10;13;1
23;13;1
8;13;1
29;13;1
8;13;1
15;13;1
27;13;1
20;13;1
28;13;1
30;14;1
16;14;1
15;14;1
17;14;1
5;14;1
26;14;1
12;14;1
5;14;1
7;14;1
29;14;1
15;14;1
29;14;1
2;14;1
20;14;1
25;14;1
21;14;1
3;14;1
27;14;1
21;14;1
19;14;1
5;14;1
28;14;1
30;14;1
8;14;1
13;14;1
26;14;1
26;14;1
23;14;1
29;14;1
11;14;1
18;14;1
13;14;1
8;14;1
7;14;1
26;14;1
7;14;1
21;14;1
23;14;1
16;14;1
4;14;1
3;14;1
11;14;1
22;14;1
4;14;1
18;14;1
17;14;1
16;14;1
17;14;1
6;14;1
8;14;1
4;14;1
12;14;1
29;14;1
8;14;1
28;14;1
25;14;1
15;14;1
7;14;1
15;14;1
6;14;1
22;14;1
30;14;1
12;14;1
16;14;1
10;14;1
27;14;1
27;14;1
28;14;1
20;14;1
27;14;1
11;14;1
23;14;1
27;14;1
16;14;1
25;14;1
6;14;1
27;14;1
29;14;1
18;14;1
13;14;1
27;14;1
21;14;1
12;14;1
27;14;1
21;14;1
6;14;1
28;14;1
4;14;1
23;14;1
17;14;1
26;14;1
1;14;1
18;14;1
22;14;1
6;14;1
4;14;1
17;14;1
14;14;1
11;14;1
19;14;1
29;14;1
14;14;1
29;14;1
12;14;1
10;14;1
4;14;1
3;14;1
25;14;1
28;14;1
28;14;1
23;14;1
17;14;1
5;14;1
5;14;1
2;14;1
3;14;1
2;14;1
3;14;1
23;14;1
21;14;1
10;14;1
14;14;1
22;14;1
20;14;1
29;14;1
3;14;1
2;14;1
23;14;1
19;14;1
3;14;1
25;14;1
19;14;1
20;14;1
25;14;1
28;14;1
30;14;1
12;14;1
11;14;1
17;14;1
17;14;1
15;14;1
15;14;1
15;14;1
15;14;1
15;14;1
15;14;1
15;14;1
15;14;1
15;14;1
15;14;1
20;16;1
15;16;1
18;16;1
27;16;1
12;16;1
20;16;1
17;16;1
23;16;1
27;16;1
24;16;1
17;16;1
3;16;1
19;16;1
20;16;1
29;16;1
14;16;1
8;16;1
6;16;1
9;16;1
9;16;1
27;16;1
4;16;1
14;16;1
3;16;1
1;16;1
5;16;1
9;16;1
20;16;1
25;16;1
2;16;1
5;16;1
8;16;1
23;16;1
25;16;1
18;16;1
29;16;1
18;16;1
25;16;1
18;16;1
1;16;1
14;16;1
18;16;1
16;16;1
30;16;1
4;16;1
15;16;1
13;16;1
1;16;1
25;16;1
28;16;1
1;16;1
29;16;1
18;16;1
2;16;1
17;16;1
25;16;1
6;16;1
27;16;1
27;16;1
3;16;1
6;16;1
9;16;1
24;16;1
13;16;1
10;16;1
28;16;1
6;16;1
30;16;1
26;16;1
28;16;1
30;16;1
13;16;1
1;16;1
28;16;1
11;16;1
15;16;1
16;16;1
26;16;1
14;16;1
18;16;1
26;16;1
18;16;1
6;16;1
2;16;1
1;16;1
11;16;1
8;16;1
13;16;1
2;16;1
13;16;1
20;16;1
7;16;1
5;16;1
16;16;1
23;16;1
17;16;1
6;16;1
5;16;1
16;16;1
15;16;1
19;16;1
12;16;1
29;16;1
26;16;1
20;16;1
27;16;1
19;16;1
13;16;1
6;16;1
10;16;1
11;16;1
15;16;1
17;16;1
21;16;1
12;16;1
13;16;1
26;16;1
4;16;1
5;16;1
18;16;1
5;16;1
16;16;1
7;16;1
18;16;1
29;16;1
28;16;1
16;16;1
14;16;1
18;16;1
5;16;1
24;16;1
9;16;1
8;16;1
5;16;1
22;16;1
24;16;1
22;16;1
29;16;1
10;16;1
3;16;1
26;16;1
5;16;1
12;16;1
8;16;1
13;16;1
1;16;1
21;16;1
14;16;1
26;16;1
18;16;1
23;16;1
2;16;1
29;16;1
14;16;1
13;16;1
8;16;1
24;16;1
8;16;1
11;16;1
5;16;1
1;16;1
24;16;1
23;16;1
16;16;1
25;16;1
6;16;1
27;16;1
30;16;1
1;16;1
5;16;1
9;16;1
10;16;1
22;16;1
11;16;1
9;16;1
21;16;1
26;16;1
8;16;1
8;16;1
20;16;1
3;16;1
15;16;1
18;16;1
2;16;1
10;16;1
5;16;1
11;16;1
20;16;1
11;16;1
20;16;1
29;16;1
24;16;1
5;16;1
3;16;1
10;16;1
29;16;1
27;16;1
26;16;1
21;16;1
5;16;1
6;16;1
6;16;1
12;16;1
20;16;1
8;16;1
16;16;1
10;16;1
20;16;1
24;16;1
15;16;1
18;18;1
7;18;1
1;18;1
29;18;1
14;18;1
1;18;1
30;18;1
23;18;1
22;18;1
14;18;1
4;18;1
15;18;1
5;18;1
14;18;1
30;18;1
13;18;1
20;18;1
27;18;1
12;18;1
18;18;1
26;18;1
25;18;1
9;18;1
22;18;1
18;18;1
2;18;1
25;18;1
1;18;1
14;18;1
4;18;1
8;18;1
9;18;1
2;18;1
17;18;1
28;18;1
17;18;1
2;18;1
16;18;1
1;18;1
6;18;1
5;18;1
20;18;1
14;18;1
6;18;1
23;18;1
26;18;1
16;18;1
9;18;1
3;18;1
9;18;1
24;18;1
27;18;1
28;18;1
2;18;1
21;18;1
11;18;1
28;18;1
8;18;1
20;18;1
21;18;1
14;18;1
14;18;1
16;18;1
24;18;1
30;18;1
7;18;1
4;18;1
21;18;1
9;18;1
7;18;1
10;18;1
5;18;1
4;18;1
29;18;1
18;18;1
25;18;1
19;18;1
9;18;1
3;18;1
28;18;1
3;18;1
4;18;1
5;18;1
24;18;1
19;18;1
27;18;1
11;18;1
7;18;1
1;18;1
26;18;1
19;18;1
16;18;1
14;18;1
23;18;1
23;18;1
17;18;1
3;18;1
13;18;1
7;18;1
11;18;1
4;18;1
7;18;1
18;18;1
11;18;1
26;18;1
13;18;1
25;18;1
9;18;1
20;18;1
26;18;1
19;18;1
12;18;1
3;18;1
18;18;1
13;18;1
27;18;1
6;18;1
14;18;1
27;18;1
14;18;1
27;18;1
27;18;1
18;18;1
27;18;1
6;18;1
14;18;1
18;18;1
18;18;1
6;18;1
6;18;1
27;18;1
6;18;1
6;18;1
6;18;1
18;18;1
27;18;1
18;18;1
6;18;1
27;18;1
18;18;1
18;18;1
27;18;1
18;18;1
14;18;1
27;18;1
18;18;1
14;18;1
27;18;1
6;18;1
15;20;1
7;20;1
10;20;1
23;20;1
28;20;1
2;20;1
25;20;1
25;20;1
4;20;1
9;20;1
2;20;1
25;20;1
24;20;1
23;20;1
3;20;1
5;20;1
22;20;1
7;20;1
10;20;1
9;20;1
10;20;1
26;20;1
23;20;1
23;20;1
24;20;1
1;20;1
18;20;1
30;20;1
17;20;1
22;20;1
5;20;1
10;20;1
28;20;1
10;20;1
18;20;1
13;20;1
22;20;1
16;20;1
4;20;1
5;20;1
30;20;1
6;20;1
12;20;1
23;20;1
10;20;1
26;20;1
22;20;1
4;20;1
7;20;1
1;20;1
5;20;1
3;20;1
29;20;1
27;20;1
13;20;1
20;20;1
12;20;1
1;20;1
30;20;1
16;20;1
23;20;1
11;20;1
24;20;1
26;20;1
30;20;1
17;20;1
30;20;1
10;20;1
30;20;1
11;20;1
22;20;1
3;20;1
2;20;1
18;20;1
9;20;1
8;20;1
16;20;1
27;20;1
5;20;1
21;20;1
28;20;1
14;20;1
18;20;1
18;20;1
4;20;1
26;20;1
19;20;1
22;20;1
15;20;1
30;20;1
19;20;1
1;20;1
21;20;1
10;20;1
30;20;1
20;20;1
14;20;1
30;20;1
14;20;1
3;20;1
9;20;1
26;20;1
20;20;1
16;20;1
11;20;1
24;20;1
30;20;1
14;20;1
4;20;1
29;20;1
18;20;1
5;20;1
7;20;1
10;20;1
12;20;1
18;20;1
15;20;1
9;20;1
15;20;1
5;20;1
14;20;1
22;20;1
14;20;1
21;20;1
8;20;1
20;20;1
10;20;1
14;20;1
6;20;1
19;20;1
26;20;1
18;20;1
18;20;1
28;20;1
26;20;1
15;20;1
20;20;1
14;20;1
15;20;1
29;20;1
15;20;1
20;20;1
21;20;1
23;20;1
13;20;1
20;20;1
14;20;1
9;20;1
17;20;1
19;20;1
19;20;1
17;20;1
3;20;1
20;20;1
6;20;1
10;20;1
22;20;1
2;20;1
3;20;1
4;20;1
28;20;1
18;20;1
22;20;1
27;20;1
9;20;1
5;20;1
14;20;1
23;20;1
25;20;1
19;20;1
22;20;1
8;20;1
22;20;1
28;20;1
28;20;1
5;20;1
19;20;1
28;20;1
5;20;1
28;20;1
5;20;1
10;20;1
28;20;1
28;20;1
5;20;1
19;20;1
19;20;1
17;20;1
5;20;1
19;20;1
5;20;1
10;20;1
9;20;1
5;20;1
9;20;1
19;20;1
28;20;1
9;20;1
17;20;1
28;20;1
5;20;1
17;20;1
17;20;1
10;20;1
28;20;1
10;20;1
5;20;1
10;20;1
19;20;1
9;20;1
19;20;1
19;20;1
10;20;1
17;20;1
5;20;1
10;20;1
5;20;1
5;20;1
19;20;1
10;20;1
5;20;1
5;20;1
17;20;1
5;20;1
19;20;1
10;20;1
19;20;1
30;22;1
6;22;1
2;22;1
15;22;1
21;22;1
30;22;1
1;22;1
17;22;1
13;22;1
11;22;1
30;22;1
21;22;1
12;22;1
27;22;1
20;22;1
8;22;1
12;22;1
9;22;1
26;22;1
19;22;1
9;22;1
21;22;1
5;22;1
20;22;1
11;22;1
23;22;1
28;22;1
5;22;1
5;22;1
13;22;1
9;22;1
18;22;1
29;22;1
10;22;1
15;22;1
28;22;1
12;22;1
3;22;1
4;22;1
6;22;1
7;22;1
25;22;1
2;22;1
14;22;1
17;22;1
12;22;1
26;22;1
1;22;1
20;22;1
4;22;1
20;22;1
20;22;1
30;22;1
3;22;1
24;22;1
22;22;1
15;22;1
5;22;1
10;22;1
11;22;1
28;22;1
7;22;1
3;22;1
13;22;1
1;22;1
26;22;1
7;22;1
22;22;1
23;22;1
29;22;1
3;22;1
7;22;1
29;22;1
8;22;1
11;22;1
27;22;1
17;22;1
16;22;1
12;22;1
29;22;1
6;22;1
25;22;1
19;22;1
28;22;1
24;22;1
6;22;1
30;22;1
23;22;1
28;22;1
18;22;1
13;22;1
4;22;1
2;22;1
6;22;1
6;22;1
9;22;1
16;22;1
13;22;1
25;22;1
13;22;1
22;22;1
5;22;1
16;22;1
15;22;1
8;22;1
11;22;1
17;22;1
17;22;1
30;22;1
14;22;1
29;22;1
16;22;1
27;22;1
2;22;1
17;22;1
24;22;1
17;22;1
17;22;1
22;22;1
12;22;1
4;22;1
6;22;1
17;22;1
12;22;1
13;22;1
30;22;1
26;22;1
26;22;1
26;22;1
26;22;1
26;22;1
27;24;1
7;24;1
13;24;1
3;24;1
6;24;1
21;24;1
11;24;1
8;24;1
28;24;1
3;24;1
4;24;1
9;24;1
3;24;1
25;24;1
13;24;1
6;24;1
5;24;1
12;24;1
1;24;1
8;24;1
11;24;1
11;24;1
12;24;1
13;24;1
13;24;1
29;24;1
1;24;1
2;24;1
20;24;1
25;24;1
14;24;1
28;24;1
30;24;1
4;24;1
27;24;1
7;24;1
29;24;1
25;24;1
14;24;1
14;24;1
22;24;1
27;24;1
28;24;1
19;24;1
16;24;1
6;24;1
15;24;1
18;24;1
7;24;1
15;24;1
29;24;1
17;24;1
9;24;1
20;24;1
9;24;1
15;24;1
6;24;1
28;24;1
19;24;1
12;24;1
24;24;1
1;24;1
1;24;1
29;24;1
29;24;1
1;24;1
11;24;1
11;24;1
11;24;1
29;24;1
11;24;1
29;24;1
11;24;1
11;24;1
11;24;1
29;24;1
11;24;1
11;24;1
29;24;1
29;24;1
29;24;1
1;24;1
11;24;1
11;24;1
29;24;1
29;24;1
11;24;1
27;26;1
10;26;1
15;26;1
30;26;1
21;26;1
24;26;1
26;26;1
21;26;1
4;26;1
24;26;1
27;26;1
30;26;1
25;26;1
18;26;1
17;26;1
5;26;1
14;26;1
6;26;1
21;26;1
9;26;1
4;26;1
21;26;1
23;26;1
4;26;1
20;26;1
24;26;1
8;26;1
19;26;1
4;26;1
3;26;1
9;26;1
19;26;1
18;26;1
25;26;1
25;26;1
3;26;1
4;26;1
18;26;1
9;26;1
29;26;1
15;26;1
29;26;1
26;26;1
6;26;1
26;26;1
26;26;1
25;26;1
30;26;1
14;26;1
5;26;1
20;26;1
30;26;1
27;26;1
18;26;1
15;26;1
15;26;1
1;26;1
12;26;1
4;26;1
21;26;1
24;26;1
5;26;1
13;26;1
19;26;1
20;26;1
19;26;1
4;26;1
15;26;1
26;26;1
17;26;1
13;26;1
30;26;1
9;26;1
21;26;1
15;26;1
8;26;1
17;26;1
12;26;1
1;26;1
15;26;1
15;26;1
16;26;1
27;26;1
18;26;1
13;26;1
8;26;1
4;26;1
21;26;1
22;26;1
22;26;1
28;26;1
18;26;1
11;26;1
7;26;1
28;26;1
27;26;1
20;26;1
2;26;1
13;26;1
7;26;1
14;26;1
19;26;1
8;26;1
15;26;1
22;26;1
21;26;1
18;26;1
27;26;1
4;26;1
29;26;1
26;26;1
18;26;1
26;26;1
17;26;1
4;26;1
27;26;1
12;26;1
29;26;1
17;26;1
4;26;1
23;26;1
11;26;1
7;26;1
30;26;1
13;26;1
10;26;1
14;26;1
9;26;1
4;26;1
24;26;1
9;26;1
1;26;1
30;26;1
18;26;1
28;26;1
5;26;1
17;26;1
2;26;1
23;26;1
25;26;1
10;26;1
5;26;1
3;26;1
29;26;1
9;26;1
19;26;1
29;26;1
17;26;1
3;26;1
1;26;1
27;26;1
6;26;1
11;26;1
29;26;1
25;26;1
11;26;1
17;26;1
22;26;1
21;26;1
26;26;1
8;26;1
27;26;1
6;26;1
15;26;1
28;26;1
9;26;1
12;26;1
25;26;1
10;26;1
25;26;1
20;26;1
22;26;1
17;26;1
7;26;1
21;26;1
20;26;1
3;26;1
14;26;1
25;26;1
13;26;1
27;26;1
12;26;1
17;26;1
27;26;1
13;26;1
22;26;1
26;26;1
21;26;1
5;26;1
30;26;1
4;26;1
29;26;1
29;26;1
23;26;1
2;26;1
20;26;1
20;26;1
1;26;1
27;26;1
1;26;1
25;26;1
10;26;1
20;26;1
3;26;1
6;26;1
10;26;1
1;26;1
2;26;1
14;26;1
8;26;1
12;26;1
21;26;1
18;26;1
11;26;1
23;26;1
26;26;1
16;26;1
16;26;1
24;26;1
4;26;1
4;26;1
19;26;1
12;26;1
11;26;1
21;26;1
17;26;1
2;26;1
24;26;1
25;26;1
20;26;1
15;26;1
6;26;1
1;26;1
9;26;1
19;26;1
19;26;1
12;26;1
1;26;1
1;26;1
24;26;1
2;26;1
23;26;1
17;26;1
3;26;1
20;26;1
22;26;1
14;26;1
21;26;1
14;26;1
15;26;1
22;26;1
30;26;1
16;26;1
12;26;1
1;26;1
27;26;1
23;26;1
13;26;1
4;26;1
13;26;1
23;26;1
4;26;1
7;26;1
7;26;1
7;26;1
4;26;1
23;26;1
4;26;1
7;26;1
4;26;1
23;26;1
23;26;1
4;26;1
23;26;1
13;26;1
13;26;1
23;26;1
4;26;1
13;26;1
7;26;1
13;26;1
23;26;1
7;26;1
7;26;1
4;26;1
7;26;1
4;26;1
4;26;1
7;26;1
4;26;1
4;26;1
13;26;1
13;26;1
23;26;1
7;26;1
13;26;1
7;26;1
13;26;1
4;26;1
4;26;1
7;26;1
23;26;1
9;28;1
28;28;1
10;28;1
29;28;1
2;28;1
27;28;1
20;28;1
4;28;1
12;28;1
9;28;1
19;28;1
11;28;1
1;28;1
25;28;1
27;28;1
6;28;1
21;28;1
26;28;1
11;28;1
9;28;1
18;28;1
20;28;1
16;28;1
17;28;1
8;28;1
9;28;1
7;28;1
11;28;1
17;28;1
7;28;1
28;28;1
17;28;1
14;28;1
9;28;1
29;28;1
26;28;1
12;28;1
27;28;1
18;28;1
12;28;1
22;28;1
5;28;1
5;28;1
28;28;1
8;28;1
21;28;1
10;28;1
6;28;1
4;28;1
4;28;1
18;28;1
10;28;1
9;28;1
14;28;1
11;28;1
25;28;1
18;28;1
5;28;1
2;28;1
10;28;1
27;28;1
29;28;1
28;28;1
11;28;1
24;28;1
24;28;1
24;28;1
24;28;1
24;28;1
24;28;1
24;28;1
24;28;1
24;28;1
24;28;1
19;30;1
20;30;1
11;30;1
17;30;1
26;30;1
29;30;1
9;30;1
17;30;1
23;30;1
25;30;1
12;30;1
7;30;1
20;30;1
10;30;1
28;30;1
7;30;1
6;30;1
5;30;1
9;30;1
30;30;1
28;30;1
5;30;1
5;30;1
17;30;1
9;30;1
12;30;1
5;30;1
28;30;1
17;30;1
6;30;1
29;30;1
9;30;1
6;30;1
19;30;1
19;30;1
8;30;1
21;30;1
12;30;1
6;30;1
14;30;1
30;30;1
30;30;1
13;30;1
11;30;1
1;30;1
16;30;1
25;30;1
23;30;1
1;30;1
20;30;1
23;30;1
7;30;1
20;30;1
28;30;1
27;30;1
28;30;1
24;30;1
1;30;1
25;30;1
22;30;1
22;30;1
11;30;1
13;30;1
4;30;1
11;30;1
12;30;1
10;30;1
24;30;1
27;30;1
17;30;1
12;30;1
12;30;1
12;30;1
12;30;1
12;30;1
3;30;1
3;30;1
3;30;1
12;30;1
12;30;1
3;30;1
12;30;1
12;30;1
12;30;1
12;30;1
12;30;1
12;30;1
2;32;1
2;32;1
2;32;1
2;32;1
2;32;1
2;32;1
2;32;1
2;32;1
2;32;1
2;32;1
2;32;1
23;34;1
9;34;1
30;34;1
1;34;1
23;34;1
8;34;1
7;34;1
20;34;1
16;34;1
12;34;1
30;34;1
17;34;1
12;34;1
27;34;1
3;34;1
14;34;1
4;34;1
18;34;1
10;34;1
23;34;1
30;34;1
23;34;1
19;34;1
6;34;1
14;34;1
23;34;1
22;34;1
11;34;1
15;34;1
3;34;1
6;34;1
9;34;1
22;34;1
6;34;1
13;34;1
10;34;1
17;34;1
28;34;1
3;34;1
25;34;1
17;34;1
7;34;1
13;34;1
30;34;1
18;34;1
14;34;1
9;34;1
27;34;1
12;34;1
30;34;1
4;34;1
10;34;1
30;34;1
17;34;1
17;34;1
16;34;1
21;34;1
5;34;1
25;34;1
17;34;1
6;34;1
22;34;1
27;34;1
13;34;1
2;34;1
10;34;1
4;34;1
18;34;1
20;34;1
11;34;1
29;34;1
13;34;1
3;34;1
2;34;1
4;34;1
26;34;1
20;34;1
12;34;1
8;34;1
19;34;1
1;34;1
8;34;1
12;34;1
28;34;1
10;34;1
27;34;1
12;34;1
1;34;1
19;34;1
23;34;1
25;34;1
28;34;1
26;34;1
13;34;1
11;34;1
25;34;1
16;34;1
21;34;1
19;34;1
2;34;1
29;34;1
28;34;1
1;34;1
21;34;1
26;34;1
14;34;1
19;34;1
15;34;1
7;34;1
8;34;1
20;34;1
20;34;1
20;34;1
8;34;1
20;34;1
20;34;1
20;34;1
20;34;1
8;34;1
20;34;1
8;34;1
20;34;1
8;34;1
8;34;1
8;34;1
22;36;1
18;36;1
25;36;1
7;36;1
24;36;1
14;36;1
11;36;1
8;36;1
1;36;1
24;36;1
2;36;1
6;36;1
15;36;1
3;36;1
2;36;1
5;36;1
29;36;1
19;36;1
11;36;1
24;36;1
14;36;1
11;36;1
25;36;1
3;36;1
19;36;1
4;36;1
29;36;1
16;36;1
11;36;1
2;36;1
9;36;1
21;36;1
23;36;1
13;36;1
1;36;1
24;36;1
23;36;1
21;36;1
7;36;1
15;36;1
7;36;1
26;36;1
2;36;1
8;36;1
29;36;1
20;36;1
10;36;1
13;36;1
25;36;1
29;36;1
6;36;1
19;36;1
12;36;1
11;36;1
1;36;1
8;36;1
7;36;1
8;36;1
18;36;1
26;36;1
13;36;1
16;36;1
18;36;1
22;36;1
3;36;1
18;36;1
1;36;1
16;36;1
6;36;1
11;36;1
14;36;1
29;36;1
20;36;1
15;36;1
10;36;1
11;36;1
9;36;1
28;36;1
30;36;1
10;36;1
7;36;1
27;36;1
8;36;1
13;36;1
26;36;1
6;36;1
11;36;1
26;36;1
22;36;1
10;36;1
9;36;1
29;36;1
7;36;1
6;36;1
12;36;1
11;36;1
20;36;1
20;36;1
1;36;1
20;36;1
25;36;1
15;36;1
16;36;1
15;36;1
29;36;1
30;36;1
13;36;1
11;36;1
21;36;1
28;36;1
12;36;1
30;36;1
7;36;1
22;36;1
27;36;1
25;36;1
24;36;1
7;36;1
7;36;1
15;36;1
19;36;1
13;36;1
2;36;1
10;36;1
5;36;1
29;36;1
15;36;1
25;36;1
7;36;1
24;36;1
11;36;1
10;36;1
1;36;1
15;36;1
14;36;1
11;36;1
6;36;1
3;36;1
23;36;1
8;36;1
3;36;1
18;36;1
15;36;1
26;36;1
5;36;1
26;36;1
28;36;1
13;36;1
22;36;1
4;36;1
21;36;1
2;36;1
10;36;1
13;36;1
22;36;1
20;36;1
3;36;1
22;36;1
11;36;1
16;36;1
20;36;1
7;36;1
16;36;1
23;36;1
27;36;1
9;36;1
24;36;1
4;36;1
5;36;1
7;36;1
27;36;1
1;36;1
7;36;1
20;36;1
26;36;1
28;36;1
21;36;1
24;36;1
15;36;1
27;36;1
22;36;1
13;36;1
15;36;1
17;36;1
8;36;1
18;36;1
12;36;1
16;36;1
3;36;1
7;36;1
16;36;1
26;36;1
13;36;1
3;36;1
7;36;1
13;36;1
10;36;1
6;36;1
12;36;1
6;36;1
21;36;1
27;36;1
19;36;1
2;36;1
2;36;1
20;36;1
9;36;1
7;36;1
15;36;1
17;36;1
8;36;1
18;36;1
8;36;1
21;36;1
21;36;1
21;36;1
21;36;1
21;36;1
21;36;1
22;38;1
16;38;1
16;38;1
22;38;1
16;38;1
16;38;1
16;38;1
22;38;1
16;38;1
16;38;1
16;38;1
22;38;1
22;38;1
29;41;1
19;41;1
14;41;1
13;41;1
30;41;1
22;41;1
28;41;1
2;41;1
26;41;1
27;41;1
28;41;1
3;41;1
24;41;1
18;41;1
1;41;1
29;41;1
15;41;1
20;41;1
9;41;1
4;41;1
6;41;1
2;41;1
8;41;1
28;41;1
8;41;1
16;41;1
10;41;1
27;41;1
14;41;1
20;41;1
7;41;1
2;41;1
6;41;1
5;41;1
23;41;1
12;41;1
10;41;1
18;41;1
12;41;1
30;41;1
18;41;1
3;41;1
27;41;1
16;41;1
13;41;1
28;41;1
2;41;1
14;41;1
14;41;1
18;41;1
25;41;1
16;41;1
14;41;1
19;41;1
5;41;1
28;41;1
3;41;1
30;41;1
8;41;1
22;41;1
20;41;1
29;41;1
6;41;1
8;41;1
6;41;1
2;41;1
12;41;1
20;41;1
21;41;1
13;41;1
1;41;1
19;41;1
2;41;1
19;41;1
1;41;1
12;41;1
3;41;1
1;41;1
23;41;1
19;41;1
23;41;1
26;41;1
11;41;1
22;41;1
7;41;1
24;41;1
30;41;1
4;41;1
1;41;1
7;41;1
3;41;1
17;41;1
12;41;1
2;41;1
6;41;1
8;41;1
9;41;1
30;41;1
20;41;1
13;41;1
19;41;1
30;41;1
26;41;1
29;41;1
18;41;1
13;41;1
30;41;1
5;41;1
18;41;1
9;41;1
3;41;1
2;41;1
25;41;1
14;41;1
10;41;1
4;41;1
27;41;1
29;41;1
29;41;1
4;41;1
26;41;1
14;41;1
21;41;1
21;41;1
2;41;1
29;41;1
27;41;1
26;41;1
8;41;1
21;41;1
19;41;1
16;41;1
24;41;1
15;41;1
14;41;1
11;41;1
20;41;1
25;41;1
8;41;1
21;41;1
17;41;1
20;41;1
3;41;1
5;41;1
15;41;1
24;41;1
24;41;1
27;41;1
7;41;1
19;41;1
6;41;1
18;41;1
28;41;1
15;41;1
7;41;1
23;41;1
10;41;1
28;41;1
25;41;1
1;41;1
5;41;1
19;41;1
19;41;1
8;41;1
4;41;1
26;41;1
18;41;1
29;41;1
5;41;1
22;41;1
10;41;1
25;41;1
28;41;1
26;41;1
20;41;1
13;41;1
1;41;1
3;41;1
10;41;1
10;41;1
5;41;1
26;41;1
1;41;1
9;41;1
18;41;1
5;41;1
3;41;1
28;41;1
1;41;1
22;41;1
16;41;1
8;41;1
18;41;1
15;41;1
3;41;1
28;41;1
5;41;1
20;41;1
4;41;1
7;41;1
9;41;1
17;41;1
1;41;1
2;41;1
23;41;1
15;41;1
30;41;1
5;41;1
16;41;1
11;41;1
2;41;1
24;41;1
2;41;1
7;41;1
24;41;1
12;41;1
12;41;1
9;41;1
12;41;1
23;41;1
29;41;1
7;41;1
14;41;1
20;41;1
14;41;1
16;41;1
24;41;1
15;41;1
16;41;1
8;41;1
12;41;1
4;41;1
9;41;1
30;41;1
16;41;1
13;41;1
12;41;1
12;41;1
2;41;1
2;41;1
1;41;1
25;41;1
4;41;1
21;41;1
15;41;1
17;41;1
23;41;1
17;41;1
11;41;1
24;41;1
15;41;1
12;41;1
21;41;1
16;41;1
30;41;1
26;41;1
24;41;1
10;41;1
29;41;1
11;41;1
21;41;1
8;41;1
23;41;1
11;41;1
23;41;1
30;41;1
29;41;1
12;41;1
23;41;1
29;41;1
19;41;1
12;41;1
20;41;1
3;41;1
17;41;1
26;41;1
10;41;1
1;41;1
17;41;1
16;41;1
2;41;1
3;41;1
18;41;1
28;41;1
1;41;1
16;41;1
8;41;1
6;41;1
1;41;1
22;41;1
13;41;1
6;41;1
29;41;1
17;41;1
13;41;1
15;41;1
10;41;1
15;41;1
19;41;1
8;41;1
10;41;1
13;41;1
13;41;1
10;41;1
5;41;1
11;41;1
3;41;1
3;41;1
18;41;1
12;41;1
24;41;1
15;41;1
18;41;1
4;41;1
11;41;1
6;41;1
3;41;1
16;41;1
21;41;1
25;41;1
1;41;1
9;41;1
14;41;1
6;41;1
12;41;1
30;41;1
6;41;1
27;41;1
8;41;1
11;41;1
7;41;1
6;41;1
17;41;1
23;41;1
12;41;1
15;41;1
14;41;1
18;41;1
6;41;1
29;41;1
6;41;1
30;41;1
6;41;1
7;41;1
27;41;1
1;41;1
9;41;1
10;41;1
20;41;1
1;41;1
3;41;1
7;41;1
3;41;1
21;41;1
1;41;1
30;41;1
17;41;1
20;41;1
5;41;1
16;41;1
16;41;1
10;41;1
1;41;1
3;41;1
18;41;1
5;41;1
21;41;1
8;41;1
26;41;1
27;41;1
22;41;1
20;41;1
22;41;1
20;41;1
24;41;1
26;41;1
18;41;1
4;41;1
27;41;1
24;41;1
6;41;1
15;41;1
26;50;1
29;50;1
14;50;1
17;50;1
18;50;1
20;50;1
21;50;1
22;50;1
27;50;1
23;50;1
25;50;1
28;50;1
17;50;1
20;50;1
29;50;1
14;50;1
22;50;1
21;50;1
9;50;1
24;50;1
4;50;1
7;50;1
9;50;1
10;50;1
5;50;1
18;50;1
6;50;1
14;50;1
25;50;1
11;50;1
26;50;1
14;50;1
7;50;1
20;50;1
17;50;1
28;50;1
7;50;1
27;50;1
22;50;1
1;50;1
19;50;1
27;50;1
25;50;1
29;50;1
12;50;1
8;50;1
15;50;1
16;50;1
10;50;1
27;50;1
22;50;1
14;50;1
29;50;1
7;50;1
19;50;1
3;50;1
16;50;1
3;50;1
15;50;1
21;50;1
16;50;1
20;50;1
17;50;1
22;50;1
21;50;1
12;50;1
22;50;1
19;50;1
4;50;1
1;50;1
7;50;1
4;50;1
1;50;1
10;50;1
4;50;1
18;50;1
14;50;1
3;50;1
18;50;1
20;50;1
3;50;1
25;50;1
4;50;1
26;50;1
27;50;1
6;50;1
28;50;1
28;50;1
2;50;1
5;50;1
21;50;1
7;50;1
11;50;1
16;50;1
5;50;1
17;50;1
11;50;1
24;50;1
5;50;1
28;50;1
17;50;1
23;50;1
4;50;1
26;50;1
15;50;1
27;50;1
17;50;1
7;50;1
27;50;1
3;50;1
27;50;1
8;50;1
16;50;1
6;50;1
30;50;1
3;50;1
15;50;1
18;50;1
21;50;1
8;50;1
12;50;1
8;50;1
28;50;1
21;50;1
25;50;1
12;50;1
27;50;1
20;50;1
28;50;1
17;50;1
3;50;1
14;50;1
4;50;1
9;50;1
17;50;1
14;50;1
22;50;1
25;50;1
28;50;1
4;50;1
3;50;1
11;50;1
26;50;1
16;50;1
2;50;1
1;50;1
3;50;1
2;50;1
21;50;1
24;50;1
22;50;1
3;50;1
9;50;1
28;50;1
24;50;1
8;50;1
8;50;1
30;50;1
2;50;1
12;50;1
28;50;1
10;50;1
2;50;1
6;50;1
1;50;1
11;50;1
30;50;1
21;50;1
23;50;1
10;50;1
18;50;1
17;50;1
10;50;1
12;50;1
17;50;1
14;50;1
4;50;1
2;50;1
15;50;1
15;50;1
7;50;1
15;50;1
5;50;1
13;50;1
3;50;1
9;50;1
1;50;1
14;50;1
12;50;1
25;50;1
16;50;1
2;50;1
30;50;1
8;50;1
30;50;1
7;50;1
7;50;1
11;50;1
5;50;1
21;50;1
2;50;1
5;50;1
8;50;1
26;50;1
28;50;1
15;50;1
15;50;1
6;50;1
22;50;1
22;50;1
10;50;1
26;50;1
22;50;1
24;50;1
25;50;1
6;50;1
4;50;1
28;50;1
3;50;1
21;50;1
7;50;1
17;50;1
24;50;1
22;50;1
22;50;1
20;50;1
17;50;1
6;50;1
6;50;1
13;50;1
1;50;1
7;50;1
17;50;1
30;50;1
1;50;1
29;50;1
20;50;1
7;50;1
10;50;1
30;50;1
23;50;1
10;50;1
4;50;1
9;50;1
5;50;1
6;50;1
30;50;1
28;50;1
15;50;1
9;50;1
9;50;1
16;50;1
2;50;1
9;50;1
19;50;1
26;50;1
24;50;1
28;50;1
26;50;1
12;50;1
21;50;1
6;50;1
15;50;1
15;50;1
24;50;1
27;50;1
6;50;1
10;50;1
8;50;1
2;50;1
18;50;1
21;50;1
2;50;1
13;50;1
16;50;1
30;50;1
28;50;1
12;50;1
28;50;1
16;50;1
9;50;1
26;50;1
7;50;1
28;50;1
13;50;1
2;50;1
18;50;1
9;50;1
14;50;1
26;50;1
10;50;1
17;50;1
10;50;1
23;50;1
4;50;1
15;50;1
29;50;1
16;50;1
8;50;1
4;50;1
25;50;1
19;50;1
1;50;1
9;50;1
14;50;1
7;50;1
26;50;1
5;50;1
23;50;1
29;50;1
24;50;1
2;50;1
20;50;1
20;50;1
19;50;1
15;50;1
15;50;1
22;50;1
25;50;1
1;50;1
15;50;1
23;50;1
11;50;1
28;50;1
13;50;1
14;50;1
29;50;1
30;50;1
7;50;1
14;50;1
14;50;1
3;50;1
9;50;1
7;50;1
24;50;1
19;50;1
20;50;1
4;50;1
18;50;1
8;50;1
22;50;1
16;50;1
27;50;1
12;50;1
17;50;1
9;50;1
1;50;1
11;50;1
29;50;1
23;50;1
3;50;1
3;50;1
4;50;1
15;50;1
6;50;1
10;50;1
23;50;1
30;50;1
14;50;1
3;50;1
15;50;1
4;50;1
29;50;1
14;50;1
30;50;1
1;50;1
6;50;1
13;50;1
29;50;1
11;50;1
17;50;1
12;50;1
5;50;1
18;50;1
23;50;1
24;50;1
17;50;1
28;50;1
14;50;1
1;50;1
29;50;1
3;50;1
2;50;1
6;50;1
8;50;1
9;50;1
28;50;1
13;50;1
11;50;1
5;50;1
1;50;1
10;50;1
15;50;1
8;50;1
13;50;1
30;50;1
30;50;1
30;50;1
12;50;1
5;50;1
22;50;1
14;50;1
3;50;1
9;50;1
13;50;1
4;50;1
25;50;1
10;50;1
13;50;1
4;50;1
20;50;1
2;50;1
30;50;1
28;50;1
9;50;1
19;50;1
18;50;1
20;50;1
1;50;1
22;50;1
26;50;1
14;50;1
25;50;1
10;50;1
18;50;1
16;51;1
18;51;1
14;51;1
14;51;1
30;51;1
28;51;1
12;51;1
24;51;1
22;51;1
11;51;1
8;51;1
15;51;1
6;51;1
30;51;1
9;51;1
9;51;1
15;51;1
4;51;1
28;51;1
7;51;1
12;51;1
18;51;1
11;51;1
24;51;1
26;51;1
6;51;1
5;51;1
26;51;1
2;51;1
21;51;1
29;51;1
29;51;1
6;51;1
24;51;1
19;51;1
7;51;1
3;51;1
21;51;1
23;51;1
15;51;1
25;51;1
12;51;1
23;51;1
2;51;1
17;51;1
14;51;1
16;51;1
14;51;1
2;51;1
1;51;1
29;51;1
14;51;1
13;51;1
12;51;1
14;51;1
19;51;1
16;51;1
6;51;1
11;51;1
5;51;1
11;51;1
11;51;1
25;51;1
1;51;1
14;51;1
18;51;1
30;51;1
16;51;1
26;51;1
15;51;1
11;51;1
2;51;1
26;51;1
28;51;1
26;51;1
5;51;1
28;51;1
16;51;1
15;51;1
19;51;1
3;51;1
9;51;1
19;51;1
7;51;1
16;51;1
28;51;1
29;51;1
4;51;1
9;51;1
22;51;1
20;51;1
27;51;1
28;51;1
17;51;1
26;51;1
26;51;1
7;51;1
9;51;1
29;51;1
5;51;1
8;51;1
28;51;1
14;51;1
4;51;1
21;51;1
22;51;1
5;51;1
15;51;1
26;51;1
23;51;1
23;51;1
7;51;1
5;51;1
22;51;1
18;51;1
12;51;1
9;51;1
4;51;1
18;51;1
18;51;1
15;51;1
22;51;1
10;51;1
12;51;1
6;51;1
20;51;1
15;51;1
27;51;1
3;51;1
20;51;1
8;51;1
11;51;1
2;51;1
30;51;1
20;51;1
28;51;1
8;51;1
7;51;1
17;51;1
13;51;1
11;51;1
18;51;1
8;51;1
1;51;1
6;51;1
15;51;1
25;51;1
10;51;1
18;51;1
5;51;1
12;51;1
24;51;1
22;51;1
13;51;1
6;51;1
28;51;1
16;51;1
25;51;1
4;51;1
15;51;1
10;51;1
27;51;1
4;51;1
28;51;1
21;51;1
12;51;1
13;51;1
13;51;1
10;51;1
24;51;1
23;51;1
4;51;1
8;51;1
22;51;1
9;51;1
24;51;1
21;51;1
28;51;1
16;51;1
27;51;1
2;51;1
6;51;1
27;51;1
10;51;1
7;51;1
15;51;1
10;51;1
5;51;1
25;51;1
1;51;1
16;51;1
8;51;1
28;51;1
15;51;1
20;51;1
16;51;1
7;51;1
5;51;1
28;51;1
3;51;1
13;51;1
12;51;1
9;51;1
19;51;1
21;51;1
27;51;1
25;51;1
17;51;1
5;51;1
26;51;1
17;51;1
24;51;1
15;51;1
29;51;1
17;51;1
12;51;1
9;51;1
7;51;1
10;51;1
17;51;1
29;51;1
10;53;1
11;53;1
27;53;1
19;53;1
18;53;1
1;53;1
14;53;1
19;53;1
24;53;1
24;53;1
21;53;1
2;53;1
7;53;1
17;53;1
9;53;1
17;53;1
23;53;1
14;53;1
16;53;1
2;53;1
19;53;1
24;53;1
14;53;1
23;53;1
2;53;1
3;53;1
28;53;1
22;53;1
19;53;1
5;53;1
22;53;1
22;53;1
10;53;1
5;53;1
30;53;1
29;53;1
30;53;1
21;53;1
14;53;1
6;53;1
30;53;1
10;53;1
17;53;1
26;53;1
13;53;1
3;53;1
7;53;1
24;53;1
20;53;1
7;53;1
26;53;1
30;53;1
18;53;1
22;53;1
17;53;1
25;53;1
1;53;1
26;53;1
8;53;1
15;53;1
30;53;1
3;53;1
16;53;1
16;53;1
9;53;1
6;53;1
26;53;1
30;53;1
16;53;1
11;53;1
27;53;1
13;53;1
22;53;1
8;53;1
11;53;1
10;53;1
12;53;1
10;53;1
11;53;1
29;53;1
15;53;1
4;53;1
7;53;1
20;53;1
4;53;1
28;53;1
25;53;1
22;53;1
6;53;1
17;53;1
30;53;1
14;53;1
6;53;1
21;53;1
25;53;1
30;53;1
15;53;1
27;53;1
14;53;1
23;53;1
15;53;1
20;53;1
9;53;1
30;53;1
11;53;1
11;53;1
4;53;1
9;53;1
9;53;1
7;53;1
26;53;1
27;53;1
13;53;1
13;53;1
10;53;1
3;53;1
30;53;1
25;53;1
3;53;1
25;53;1
18;53;1
1;53;1
22;53;1
18;53;1
7;53;1
29;53;1
3;53;1
17;53;1
13;53;1
15;53;1
21;53;1
19;53;1
21;53;1
6;53;1
2;53;1
9;53;1
25;53;1
4;53;1
12;53;1
1;53;1
19;53;1
11;53;1
2;53;1
27;53;1
24;53;1
7;53;1
20;53;1
3;53;1
25;53;1
13;53;1
12;53;1
28;53;1
29;53;1
12;53;1
12;53;1
15;53;1
18;53;1
15;53;1
1;53;1
24;53;1
15;53;1
30;53;1
11;53;1
13;53;1
14;53;1
5;53;1
26;53;1
30;53;1
27;53;1
25;53;1
9;53;1
1;53;1
5;53;1
20;53;1
6;53;1
13;53;1
16;53;1
29;53;1
15;53;1
27;53;1
21;53;1
14;53;1
24;53;1
9;53;1
2;53;1
6;55;1
24;55;1
3;55;1
30;55;1
11;55;1
12;55;1
27;55;1
30;55;1
12;55;1
25;55;1
27;55;1
7;55;1
25;55;1
15;55;1
22;55;1
26;55;1
30;55;1
14;55;1
24;55;1
14;55;1
22;55;1
1;55;1
25;55;1
10;55;1
30;55;1
3;55;1
14;55;1
23;55;1
18;55;1
30;55;1
14;55;1
19;55;1
7;55;1
1;55;1
3;55;1
13;55;1
24;55;1
3;55;1
3;55;1
10;55;1
17;55;1
21;55;1
13;55;1
22;55;1
16;55;1
5;55;1
1;55;1
2;55;1
4;55;1
23;55;1
20;55;1
23;55;1
5;55;1
22;55;1
1;55;1
28;55;1
6;55;1
12;55;1
17;55;1
22;55;1
10;55;1
7;55;1
20;55;1
9;55;1
10;55;1
1;55;1
5;55;1
26;55;1
8;55;1
24;55;1
21;55;1
13;55;1
14;55;1
17;55;1
12;55;1
16;55;1
15;55;1
5;55;1
7;55;1
15;55;1
15;55;1
18;55;1
5;55;1
6;55;1
26;55;1
13;55;1
22;55;1
25;55;1
30;55;1
27;55;1
3;55;1
25;55;1
11;55;1
27;55;1
24;55;1
1;55;1
21;55;1
12;55;1
4;55;1
16;55;1
11;55;1
15;55;1
19;55;1
22;55;1
27;55;1
29;55;1
10;55;1
27;55;1
20;55;1
22;55;1
9;55;1
20;55;1
26;55;1
25;55;1
15;55;1
5;55;1
17;55;1
2;55;1
11;55;1
15;55;1
24;55;1
12;55;1
30;55;1
10;55;1
10;55;1
13;55;1
11;55;1
9;55;1
29;55;1
29;55;1
21;55;1
9;55;1
13;55;1
28;55;1
12;55;1
15;55;1
30;55;1
15;55;1
19;55;1
22;55;1
16;55;1
14;55;1
23;55;1
5;55;1
3;55;1
2;55;1
18;55;1
20;55;1
27;55;1
23;55;1
1;55;1
23;55;1
28;55;1
24;55;1
5;55;1
5;55;1
8;55;1
3;55;1
24;55;1
14;55;1
28;55;1
22;55;1
7;55;1
30;55;1
19;55;1
14;55;1
22;55;1
1;55;1
12;55;1
23;55;1
19;55;1
7;55;1
3;55;1
30;55;1
23;55;1
13;55;1
13;55;1
1;55;1
8;55;1
2;55;1
11;55;1
22;55;1
25;55;1
30;55;1
26;55;1
30;55;1
20;55;1
12;55;1
7;55;1
26;55;1
21;55;1
20;55;1
3;55;1
19;55;1
5;61;1
1;61;1
6;61;1
26;61;1
26;61;1
13;61;1
10;61;1
12;61;1
26;61;1
30;61;1
28;61;1
16;61;1
10;61;1
5;61;1
23;61;1
16;61;1
20;61;1
1;61;1
10;61;1
24;61;1
4;61;1
22;61;1
13;61;1
20;61;1
26;61;1
15;61;1
16;61;1
2;61;1
4;61;1
30;61;1
17;61;1
26;61;1
14;61;1
24;61;1
10;61;1
3;61;1
28;61;1
17;61;1
2;61;1
2;61;1
30;61;1
3;61;1
16;61;1
8;61;1
21;61;1
11;61;1
15;61;1
18;61;1
23;61;1
14;61;1
10;61;1
14;61;1
17;61;1
16;61;1
3;61;1
8;61;1
21;61;1
30;61;1
7;61;1
4;61;1
8;61;1
13;61;1
28;61;1
8;61;1
9;61;1
13;61;1
17;61;1
16;61;1
22;61;1
28;61;1
11;61;1
4;61;1
16;61;1
1;61;1
12;61;1
26;61;1
1;61;1
18;61;1
9;61;1
5;61;1
26;61;1
22;61;1
21;61;1
12;61;1
10;61;1
7;61;1
29;61;1
23;61;1
21;61;1
29;61;1
24;61;1
2;61;1
25;61;1
3;61;1
30;61;1
9;61;1
24;61;1
20;61;1
5;61;1
6;61;1
19;61;1
29;61;1
18;61;1
2;61;1
29;61;1
16;61;1
4;61;1
30;61;1
17;61;1
6;61;1
3;61;1
14;61;1
30;61;1
24;61;1
22;61;1
20;61;1
11;61;1
24;61;1
9;61;1
16;61;1
4;61;1
1;61;1
2;61;1
23;61;1
7;61;1
29;61;1
18;61;1
25;61;1
13;61;1
17;61;1
21;61;1
14;61;1
24;61;1
24;61;1
11;61;1
5;61;1
30;61;1
5;61;1
29;61;1
25;61;1
4;61;1
6;61;1
18;61;1
17;61;1
2;61;1
30;61;1
16;61;1
20;61;1
30;61;1
7;61;1
23;61;1
30;61;1
1;61;1
28;61;1
29;61;1
18;61;1
7;61;1
9;61;1
18;61;1
6;61;1
17;61;1
7;61;1
29;61;1
15;61;1
3;61;1
24;61;1
2;61;1
2;61;1
27;61;1
23;61;1
21;61;1
23;61;1
14;61;1
2;61;1
12;61;1
24;61;1
16;61;1
30;61;1
8;61;1
14;61;1
17;61;1
11;61;1
17;61;1
3;61;1
26;61;1
14;61;1
25;61;1
12;61;1
3;61;1
13;61;1
12;61;1
2;61;1
25;61;1
11;61;1
4;61;1
3;61;1
29;61;1
12;61;1
9;61;1
18;61;1
14;61;1
11;61;1
29;61;1
17;61;1
29;61;1
23;61;1
12;61;1
5;61;1
18;61;1
11;61;1
5;61;1
13;65;1
3;65;1
16;65;1
3;65;1
5;65;1
13;65;1
8;65;1
27;65;1
22;65;1
29;65;1
4;65;1
29;65;1
16;65;1
26;65;1
1;65;1
28;65;1
16;65;1
3;65;1
12;65;1
24;65;1
18;65;1
24;65;1
9;65;1
20;65;1
21;65;1
7;65;1
19;65;1
18;65;1
26;65;1
22;65;1
25;65;1
22;65;1
4;65;1
8;65;1
2;65;1
11;65;1
11;65;1
18;65;1
2;65;1
22;65;1
12;65;1
5;65;1
24;65;1
8;65;1
3;65;1
13;65;1
16;65;1
18;65;1
26;65;1
19;65;1
19;65;1
27;65;1
29;65;1
22;65;1
23;65;1
20;65;1
13;65;1
21;65;1
15;65;1
2;65;1
5;65;1
26;65;1
6;65;1
16;65;1
14;65;1
14;65;1
9;65;1
15;65;1
30;65;1
26;65;1
18;65;1
5;65;1
5;65;1
26;65;1
18;65;1
23;65;1
14;65;1
18;65;1
11;65;1
17;65;1
10;65;1
11;65;1
11;65;1
4;65;1
30;65;1
8;65;1
28;65;1
11;65;1
18;65;1
3;65;1
28;65;1
17;65;1
1;65;1
29;65;1
21;65;1
8;65;1
18;65;1
18;65;1
4;65;1
24;65;1
13;65;1
5;65;1
30;65;1
16;65;1
6;65;1
29;65;1
1;65;1
13;65;1
17;65;1
21;65;1
22;65;1
23;65;1
5;65;1
26;65;1
17;65;1
7;65;1
18;65;1
12;65;1
20;65;1
20;65;1
5;65;1
3;65;1
24;65;1
30;65;1
2;65;1
14;65;1
21;65;1
29;65;1
15;65;1
17;65;1
8;65;1
18;65;1
22;65;1
23;65;1
29;65;1
2;65;1
2;65;1
15;65;1
10;65;1
27;65;1
6;65;1
19;65;1
12;65;1
19;65;1
3;65;1
23;65;1
19;65;1
16;65;1
2;65;1
23;65;1
11;65;1
1;65;1
18;65;1
19;65;1
13;65;1
14;65;1
4;65;1
11;65;1
28;65;1
15;65;1
19;65;1
20;65;1
29;65;1
1;65;1
6;65;1
22;65;1
8;65;1
23;65;1
5;65;1
24;65;1
10;65;1
12;65;1
26;65;1
12;65;1
15;65;1
18;65;1
10;65;1
11;65;1
30;65;1
19;65;1
25;65;1
17;65;1
23;65;1
2;65;1
28;65;1
12;65;1
30;65;1
11;65;1
9;65;1
3;65;1
12;65;1
9;65;1
24;65;1
5;65;1
29;65;1
9;65;1
23;65;1
2;65;1
23;65;1
6;65;1
20;65;1
21;65;1
2;65;1
18;65;1
14;65;1
20;65;1
13;65;1
9;65;1
24;65;1
15;65;1
18;65;1
5;65;1
5;65;1
6;70;1
16;70;1
19;70;1
15;70;1
6;70;1
6;70;1
15;70;1
3;70;1
11;70;1
18;70;1
6;70;1
15;70;1
10;70;1
1;70;1
13;70;1
14;70;1
18;70;1
26;70;1
25;70;1
29;70;1
10;70;1
3;70;1
27;70;1
9;70;1
26;70;1
11;70;1
23;70;1
30;70;1
8;70;1
22;70;1
11;70;1
9;70;1
7;70;1
28;70;1
28;70;1
30;70;1
17;70;1
6;70;1
14;70;1
15;70;1
29;70;1
3;70;1
9;70;1
12;70;1
21;70;1
3;70;1
29;70;1
26;70;1
22;70;1
28;70;1
14;70;1
29;70;1
22;70;1
11;70;1
30;70;1
17;70;1
19;70;1
13;70;1
27;70;1
13;70;1
3;70;1
27;70;1
4;70;1
13;70;1
30;70;1
5;70;1
11;70;1
7;70;1
24;70;1
1;70;1
17;70;1
17;70;1
24;70;1
19;70;1
8;70;1
7;70;1
10;70;1
29;70;1
22;70;1
10;70;1
22;70;1
25;70;1
4;70;1
20;70;1
25;70;1
18;70;1
17;70;1
30;70;1
23;70;1
19;70;1
1;70;1
4;70;1
11;70;1
11;70;1
19;70;1
24;70;1
24;70;1
6;70;1
18;70;1
8;70;1
4;70;1
18;70;1
22;70;1
28;70;1
19;70;1
22;70;1
24;70;1
25;70;1
8;70;1
14;70;1
14;70;1
7;70;1
14;70;1
15;70;1
13;70;1
26;70;1
21;70;1
18;70;1
10;70;1
26;70;1
14;70;1
2;70;1
1;70;1
9;70;1
2;70;1
10;70;1
29;70;1
13;70;1
16;70;1
25;70;1
12;70;1
22;70;1
11;70;1
12;70;1
22;70;1
5;70;1
13;70;1
4;70;1
26;70;1
21;70;1
26;70;1
22;70;1
18;70;1
5;70;1
22;70;1
3;70;1
20;70;1
3;70;1
12;70;1
15;70;1
18;70;1
15;70;1
6;70;1
2;70;1
14;70;1
20;70;1
5;70;1
24;70;1
13;70;1
23;70;1
30;70;1
4;70;1
11;70;1
13;70;1
23;70;1
11;70;1
20;70;1
6;70;1
26;70;1
11;70;1
11;70;1
30;70;1
24;72;1
30;72;1
12;72;1
19;72;1
24;72;1
4;72;1
11;72;1
26;72;1
20;72;1
25;72;1
3;72;1
9;72;1
22;72;1
5;72;1
4;72;1
25;72;1
23;72;1
11;72;1
18;72;1
2;72;1
18;72;1
15;72;1
23;72;1
11;72;1
11;72;1
15;72;1
27;72;1
21;72;1
18;72;1
18;72;1
24;72;1
28;72;1
2;72;1
9;72;1
22;72;1
1;72;1
11;72;1
3;72;1
14;72;1
21;72;1
12;72;1
23;72;1
18;72;1
25;72;1
24;72;1
21;72;1
19;72;1
14;72;1
16;72;1
20;72;1
10;72;1
2;72;1
6;72;1
6;72;1
17;72;1
20;72;1
22;72;1
9;72;1
12;72;1
5;72;1
27;72;1
12;72;1
1;72;1
12;72;1
25;72;1
14;72;1
10;72;1
19;72;1
8;72;1
25;72;1
5;72;1
26;72;1
25;72;1
17;72;1
27;72;1
15;72;1
15;72;1
30;72;1
17;72;1
28;72;1
13;72;1
12;72;1
17;72;1
18;72;1
20;72;1
14;72;1
27;72;1
24;72;1
8;72;1
27;72;1
21;72;1
1;72;1
11;72;1
11;72;1
19;72;1
25;72;1
22;72;1
9;72;1
27;72;1
2;72;1
9;72;1
7;72;1
17;72;1
24;72;1
27;72;1
28;72;1
11;72;1
2;72;1
25;72;1
2;72;1
10;72;1
12;72;1
3;72;1
9;72;1
8;72;1
8;72;1
21;72;1
27;72;1
8;72;1
24;72;1
6;72;1
5;72;1
13;72;1
18;72;1
25;72;1
5;72;1
23;72;1
26;72;1
16;72;1
5;72;1
7;72;1
20;72;1
28;72;1
18;72;1
12;72;1
16;72;1
19;72;1
24;72;1
9;72;1
10;72;1
23;72;1
20;72;1
11;72;1
4;72;1
26;72;1
24;72;1
17;72;1
17;72;1
19;72;1
30;72;1
24;72;1
4;72;1
7;72;1
14;72;1
9;72;1
14;72;1
18;72;1
7;72;1
4;72;1
3;72;1
15;72;1
25;72;1
1;72;1
10;72;1
25;72;1
12;72;1
13;72;1
12;72;1
17;72;1
13;72;1
11;72;1
11;72;1
28;72;1
27;72;1
29;72;1
29;72;1
27;72;1
23;72;1
17;72;1
21;72;1
12;72;1
7;72;1
28;72;1
14;72;1
7;72;1
24;72;1
7;72;1
13;72;1
5;72;1
13;72;1
9;72;1
11;72;1
23;72;1
11;72;1
16;72;1
1;72;1
21;72;1
9;72;1
4;72;1
20;72;1
1;72;1
4;72;1
30;72;1
22;72;1
8;72;1
20;72;1
9;72;1
24;72;1
14;72;1
18;72;1
16;72;1
12;72;1
1;72;1
26;72;1
29;72;1
30;72;1
10;72;1
28;72;1
11;72;1
6;72;1
8;72;1
11;72;1
24;72;1
30;72;1
13;72;1
25;72;1
17;72;1
23;72;1
6;72;1
21;72;1
17;72;1
7;72;1
26;72;1
30;72;1
27;72;1
20;72;1
29;72;1
21;72;1
9;72;1
20;72;1
2;72;1
13;72;1
4;72;1
27;72;1
15;72;1
12;72;1
29;72;1
8;72;1
23;72;1
16;72;1
4;72;1
29;72;1
7;72;1
12;72;1
12;72;1
11;72;1
4;72;1
4;72;1
19;72;1
7;72;1
18;72;1
26;72;1
4;72;1
23;72;1
27;72;1
18;72;1
22;72;1
23;72;1
7;72;1
20;72;1
18;72;1
1;72;1
9;72;1
25;72;1
2;72;1
7;72;1
4;72;1
14;72;1
23;72;1
16;72;1
20;72;1
24;72;1
24;72;1
1;72;1
23;72;1
7;72;1
23;72;1
28;72;1
11;72;1
9;72;1
4;72;1
5;72;1
9;72;1
26;72;1
13;72;1
11;72;1
13;72;1
4;72;1
16;72;1
3;72;1
4;72;1
25;72;1
8;72;1
8;72;1
6;72;1
8;72;1
2;72;1
30;72;1
10;72;1
23;72;1
10;72;1
24;72;1
7;72;1
25;72;1
17;72;1
23;72;1
22;72;1
29;72;1
9;72;1
12;72;1
15;72;1
8;72;1
22;72;1
27;72;1
8;72;1
29;72;1
28;72;1
18;72;1
19;72;1
12;72;1
7;72;1
22;72;1
7;72;1
19;72;1
16;72;1
30;72;1
16;72;1
6;72;1
10;72;1
20;72;1
30;72;1
2;72;1
6;72;1
30;72;1
23;72;1
25;72;1
29;72;1
29;72;1
24;72;1
23;72;1
8;72;1
1;72;1
10;72;1
7;72;1
18;72;1
13;72;1
25;72;1
25;72;1
18;72;1
20;72;1
12;72;1
26;72;1
23;72;1
21;72;1
10;72;1
12;72;1
19;72;1
3;72;1
19;72;1
21;72;1
21;72;1
19;72;1
15;72;1
4;72;1
7;72;1
16;72;1
12;72;1
8;72;1
17;72;1
28;72;1
29;72;1
29;72;1
5;72;1
3;72;1
18;72;1
24;72;1
4;72;1
2;72;1
8;73;1
1;73;1
19;73;1
28;73;1
15;73;1
9;73;1
2;73;1
7;73;1
21;73;1
3;73;1
8;73;1
16;73;1
24;73;1
8;73;1
5;73;1
15;73;1
10;73;1
20;73;1
12;73;1
11;73;1
24;73;1
15;73;1
24;73;1
21;73;1
23;73;1
25;73;1
22;73;1
29;73;1
5;73;1
19;73;1
4;73;1
2;73;1
23;73;1
12;73;1
7;73;1
9;73;1
12;73;1
9;73;1
20;73;1
13;73;1
8;73;1
20;73;1
5;73;1
30;73;1
29;73;1
15;73;1
24;73;1
17;73;1
4;73;1
19;73;1
18;73;1
18;73;1
16;73;1
12;73;1
9;73;1
6;73;1
20;73;1
14;73;1
18;73;1
15;73;1
12;73;1
15;73;1
27;73;1
24;73;1
20;73;1
18;73;1
17;73;1
23;73;1
1;73;1
23;73;1
2;73;1
16;73;1
3;73;1
2;73;1
2;73;1
14;73;1
9;73;1
22;73;1
8;73;1
24;73;1
12;73;1
29;73;1
26;73;1
11;73;1
22;73;1
20;73;1
9;73;1
4;73;1
25;73;1
27;73;1
14;73;1
5;73;1
8;73;1
14;73;1
18;73;1
16;73;1
25;73;1
25;73;1
30;73;1
4;73;1
15;73;1
22;73;1
29;73;1
22;73;1
22;73;1
16;73;1
16;73;1
24;73;1
24;73;1
13;73;1
3;73;1
7;73;1
21;73;1
7;73;1
1;73;1
9;73;1
26;73;1
7;73;1
28;73;1
7;73;1
30;73;1
19;73;1
24;73;1
8;73;1
25;73;1
22;73;1
26;73;1
11;73;1
11;73;1
20;73;1
19;73;1
1;73;1
27;73;1
25;73;1
1;73;1
8;73;1
21;73;1
3;73;1
29;73;1
7;73;1
10;73;1
5;73;1
15;73;1
7;73;1
6;73;1
11;73;1
1;73;1
28;73;1
24;73;1
26;73;1
17;73;1
2;73;1
15;73;1
24;73;1
19;73;1
10;73;1
7;73;1
4;73;1
12;73;1
15;73;1
14;73;1
18;73;1
7;73;1
24;73;1
17;73;1
10;73;1
29;73;1
21;73;1
6;73;1
16;73;1
20;73;1
10;73;1
7;73;1
3;73;1
4;73;1
12;73;1
8;73;1
8;73;1
26;73;1
23;73;1
20;73;1
27;73;1
3;73;1
13;73;1
9;73;1
19;73;1
23;73;1
14;73;1
7;73;1
13;73;1
14;73;1
14;73;1
14;78;1
6;78;1
19;78;1
28;78;1
24;78;1
2;78;1
5;78;1
4;78;1
21;78;1
8;78;1
15;78;1
20;78;1
7;78;1
14;78;1
11;78;1
17;78;1
20;78;1
23;78;1
20;78;1
10;78;1
11;78;1
30;78;1
8;78;1
4;78;1
30;78;1
9;78;1
22;78;1
17;78;1
19;78;1
29;78;1
10;78;1
23;78;1
12;78;1
29;78;1
5;78;1
26;78;1
15;78;1
11;78;1
2;78;1
17;78;1
18;78;1
8;78;1
27;78;1
10;78;1
25;78;1
2;78;1
9;78;1
5;78;1
27;78;1
12;78;1
26;78;1
13;78;1
2;78;1
1;78;1
4;78;1
24;78;1
25;78;1
19;78;1
7;78;1
4;78;1
1;78;1
10;78;1
14;78;1
3;78;1
24;78;1
20;78;1
13;78;1
12;78;1
15;78;1
21;78;1
23;78;1
25;78;1
29;78;1
2;78;1
15;78;1
1;78;1
30;78;1
25;78;1
9;78;1
25;78;1
24;78;1
20;78;1
1;78;1
12;78;1
14;78;1
30;78;1
22;78;1
11;78;1
8;78;1
5;78;1
8;78;1
25;78;1
24;78;1
4;78;1
22;78;1
2;78;1
26;78;1
21;78;1
29;78;1
22;78;1
30;78;1
30;78;1
7;78;1
4;78;1
9;78;1
9;78;1
13;78;1
26;78;1
23;78;1
11;78;1
11;78;1
6;78;1
22;78;1
23;78;1
25;78;1
8;78;1
2;78;1
13;78;1
29;78;1
28;78;1
24;78;1
6;78;1
21;78;1
16;78;1
17;78;1
26;78;1
16;78;1
18;78;1
8;78;1
13;78;1
19;78;1
26;78;1
14;78;1
30;78;1
8;78;1
12;78;1
15;78;1
29;78;1
2;78;1
12;78;1
2;78;1
7;78;1
21;78;1
6;78;1
10;78;1
27;78;1
3;78;1
30;78;1
29;78;1
13;78;1
14;78;1
16;78;1
20;78;1
7;78;1
9;78;1
20;78;1
26;78;1
18;78;1
21;78;1
1;78;1
22;78;1
28;78;1
17;78;1
17;78;1
30;78;1
25;78;1
10;78;1
28;78;1
7;78;1
9;78;1
8;78;1
13;78;1
7;78;1
30;78;1
21;78;1
12;78;1
28;78;1
9;78;1
8;78;1
2;78;1
21;78;1
28;78;1
20;78;1
16;78;1
16;78;1
16;78;1
1;78;1
2;78;1
4;78;1
4;78;1
15;78;1
28;78;1
9;78;1
7;78;1
6;78;1
5;78;1
15;78;1
8;78;1
21;78;1
16;78;1
16;78;1
12;78;1
20;78;1
18;78;1
23;78;1
17;78;1
30;78;1
12;78;1
30;78;1
19;78;1
7;78;1
6;78;1
13;78;1
30;78;1
5;78;1
6;78;1
6;78;1
19;78;1
2;78;1
28;78;1
5;78;1
18;78;1
3;78;1
22;78;1
9;78;1
8;78;1
5;78;1
19;78;1
19;78;1
1;78;1
26;78;1
13;78;1
28;78;1
12;78;1
24;78;1
7;78;1
4;78;1
27;78;1
26;78;1
1;78;1
3;78;1
22;78;1
13;78;1
26;78;1
10;78;1
3;78;1
11;78;1
26;78;1
23;78;1
15;78;1
30;78;1
2;78;1
19;78;1
10;78;1
24;78;1
22;78;1
29;78;1
19;78;1
9;78;1
27;78;1
19;78;1
13;78;1
5;78;1
24;78;1
27;78;1
28;78;1
1;78;1
7;78;1
28;78;1
13;78;1
3;78;1
28;78;1
8;78;1
28;78;1
5;78;1
1;78;1
23;78;1
20;78;1
26;78;1
22;78;1
7;78;1
11;78;1
24;78;1
25;78;1
18;78;1
13;78;1
6;78;1
19;78;1
2;78;1
5;78;1
12;78;1
26;78;1
7;78;1
28;78;1
23;78;1
22;78;1
29;78;1
15;78;1
23;78;1
22;78;1
1;78;1
2;78;1
20;78;1
7;78;1
8;78;1
19;78;1
26;78;1
19;78;1
15;78;1
1;78;1
12;78;1
26;78;1
19;78;1
13;78;1
13;78;1
22;78;1
22;78;1
6;78;1
27;78;1
29;78;1
30;78;1
8;78;1
12;78;1
16;78;1
26;78;1
9;78;1
17;78;1
30;78;1
21;78;1
26;78;1
2;78;1
12;78;1
10;78;1
12;78;1
1;78;1
5;78;1
25;78;1
27;78;1
12;78;1
4;78;1
11;78;1
5;78;1
6;78;1
20;78;1
19;78;1
1;78;1
4;78;1
23;78;1
5;78;1
26;78;1
27;78;1
2;78;1
29;78;1
30;78;1
21;78;1
6;78;1
24;78;1
12;78;1
9;78;1
26;78;1
8;78;1
22;78;1
20;78;1
1;78;1
12;78;1
7;78;1
24;78;1
25;78;1
2;78;1
15;78;1
8;78;1
30;78;1
2;78;1
22;78;1
27;78;1
17;78;1
2;78;1
29;78;1
21;78;1
26;78;1
19;78;1
22;78;1
19;78;1
15;78;1
16;78;1
15;78;1
20;78;1
2;78;1
2;78;1
7;78;1
28;78;1
13;78;1
7;79;1
26;79;1
20;79;1
16;79;1
2;79;1
5;79;1
17;79;1
28;79;1
13;79;1
11;79;1
13;79;1
28;79;1
8;79;1
5;79;1
12;79;1
17;79;1
18;79;1
16;79;1
13;79;1
29;79;1
30;79;1
9;79;1
8;79;1
10;79;1
6;79;1
29;79;1
19;79;1
6;79;1
17;79;1
1;79;1
11;79;1
30;79;1
8;79;1
24;79;1
13;79;1
15;79;1
6;79;1
8;79;1
23;79;1
6;79;1
6;79;1
4;79;1
2;79;1
22;79;1
19;79;1
13;79;1
24;79;1
3;79;1
18;79;1
4;79;1
11;79;1
16;79;1
3;79;1
5;79;1
19;79;1
22;79;1
9;79;1
29;79;1
1;79;1
17;79;1
3;79;1
27;79;1
28;79;1
30;79;1
8;79;1
13;79;1
26;79;1
2;79;1
1;79;1
19;79;1
18;79;1
6;79;1
5;79;1
24;79;1
20;79;1
16;79;1
23;79;1
1;79;1
7;79;1
20;79;1
27;79;1
12;79;1
6;79;1
9;79;1
16;79;1
6;79;1
24;79;1
11;79;1
1;79;1
21;79;1
27;79;1
28;79;1
10;79;1
25;79;1
17;79;1
17;79;1
25;79;1
6;79;1
18;79;1
9;79;1
7;79;1
26;79;1
5;79;1
1;79;1
22;79;1
5;79;1
29;79;1
11;79;1
9;79;1
1;79;1
21;79;1
7;79;1
27;79;1
26;79;1
10;79;1
14;79;1
13;79;1
4;79;1
3;79;1
6;79;1
11;79;1
25;79;1
5;79;1
24;79;1
27;79;1
1;79;1
27;79;1
25;79;1
11;79;1
28;79;1
27;79;1
5;79;1
18;79;1
26;79;1
26;79;1
9;79;1
23;79;1
11;79;1
17;79;1
9;79;1
16;79;1
28;79;1
10;79;1
17;79;1
19;79;1
17;79;1
13;79;1
4;79;1
25;79;1
25;79;1
25;79;1
3;79;1
7;79;1
26;79;1
24;79;1
23;79;1
9;79;1
8;79;1
27;79;1
17;79;1
24;79;1
17;79;1
24;79;1
13;79;1
20;79;1
11;79;1
29;79;1
29;79;1
22;79;1
23;79;1
10;79;1
16;79;1
26;79;1
8;79;1
5;79;1
23;79;1
17;79;1
21;79;1
26;79;1
15;79;1
30;79;1
15;79;1
21;79;1
10;79;1
14;79;1
12;79;1
1;79;1
15;79;1
21;79;1
28;79;1
27;79;1
15;79;1
10;79;1
9;79;1
26;79;1
13;79;1
21;79;1
29;79;1
28;79;1
21;79;1
16;79;1
8;79;1
17;79;1
3;79;1
23;80;1
30;80;1
8;80;1
27;80;1
18;80;1
7;80;1
6;80;1
25;80;1
9;80;1
12;80;1
19;80;1
13;80;1
27;80;1
28;80;1
29;80;1
14;80;1
26;80;1
17;80;1
10;80;1
22;80;1
11;80;1
9;80;1
12;80;1
29;80;1
24;80;1
19;80;1
30;80;1
29;80;1
27;80;1
24;80;1
16;80;1
18;80;1
26;80;1
21;80;1
17;80;1
20;80;1
29;80;1
2;80;1
11;80;1
30;80;1
9;80;1
15;80;1
7;80;1
28;80;1
11;80;1
3;80;1
4;80;1
30;80;1
14;80;1
15;80;1
19;80;1
17;80;1
26;80;1
17;80;1
24;80;1
11;80;1
30;80;1
11;80;1
1;80;1
17;80;1
4;80;1
21;80;1
16;80;1
15;80;1
29;80;1
9;80;1
15;80;1
5;80;1
29;80;1
19;80;1
15;80;1
24;80;1
6;80;1
28;80;1
11;80;1
11;80;1
25;80;1
18;80;1
8;80;1
7;80;1
17;80;1
23;80;1
12;80;1
4;80;1
27;80;1
17;80;1
13;80;1
12;80;1
8;80;1
3;80;1
20;80;1
8;80;1
11;80;1
1;80;1
8;80;1
21;80;1
26;80;1
28;80;1
30;80;1
16;80;1
4;80;1
19;80;1
8;80;1
21;80;1
6;80;1
25;80;1
3;80;1
24;80;1
2;80;1
14;80;1
1;80;1
2;80;1
13;80;1
24;80;1
13;80;1
19;80;1
26;80;1
9;80;1
11;80;1
10;80;1
2;80;1
28;80;1
27;80;1
23;80;1
1;80;1
2;80;1
8;80;1
7;80;1
7;80;1
23;80;1
3;80;1
22;80;1
8;80;1
10;80;1
3;80;1
23;80;1
4;80;1
17;80;1
19;80;1
14;80;1
8;80;1
17;80;1
15;80;1
28;80;1
6;80;1
8;80;1
29;80;1
19;80;1
25;80;1
23;80;1
22;80;1
11;80;1
21;80;1
8;80;1
7;80;1
13;80;1
26;80;1
7;80;1
28;80;1
4;80;1
13;80;1
11;80;1
2;80;1
14;80;1
15;80;1
23;80;1
23;80;1
26;80;1
27;80;1
18;80;1
30;80;1
23;80;1
17;80;1
7;80;1
6;80;1
15;80;1
15;85;1
12;85;1
19;85;1
27;85;1
12;85;1
7;85;1
20;85;1
14;85;1
6;85;1
19;85;1
24;85;1
9;85;1
19;85;1
3;85;1
26;85;1
29;85;1
27;85;1
13;85;1
10;85;1
8;85;1
9;85;1
18;85;1
6;85;1
7;85;1
25;85;1
3;85;1
20;85;1
15;85;1
8;85;1
25;85;1
26;85;1
11;85;1
29;85;1
18;85;1
7;85;1
17;85;1
18;85;1
6;85;1
10;85;1
14;85;1
21;85;1
2;85;1
5;85;1
22;85;1
12;85;1
4;85;1
27;85;1
5;85;1
10;85;1
16;85;1
12;85;1
10;85;1
16;85;1
10;85;1
10;85;1
24;85;1
2;85;1
8;85;1
5;85;1
30;85;1
21;85;1
16;85;1
3;85;1
24;85;1
1;85;1
11;85;1
23;85;1
13;85;1
27;85;1
23;85;1
4;85;1
16;85;1
29;85;1
27;85;1
30;85;1
25;85;1
8;85;1
10;85;1
14;85;1
29;85;1
2;85;1
6;85;1
13;85;1
2;85;1
21;85;1
29;85;1
25;85;1
13;85;1
25;85;1
15;85;1
29;85;1
11;85;1
30;85;1
3;85;1
9;85;1
20;85;1
26;85;1
30;85;1
10;85;1
8;85;1
12;85;1
4;85;1
22;85;1
16;85;1
24;85;1
6;85;1
9;85;1
1;85;1
16;85;1
20;85;1
18;85;1
8;85;1
10;85;1
25;85;1
18;85;1
17;85;1
9;85;1
14;85;1
9;85;1
23;85;1
25;85;1
3;85;1
13;85;1
21;85;1
4;85;1
6;85;1
16;85;1
15;85;1
6;85;1
16;85;1
30;85;1
3;85;1
18;85;1
26;85;1
26;85;1
16;85;1
10;85;1
18;85;1
28;85;1
13;85;1
25;85;1
4;85;1
18;85;1
5;85;1
19;85;1
21;85;1
22;85;1
9;85;1
10;85;1
21;85;1
5;85;1
3;85;1
29;85;1
5;85;1
30;85;1
8;85;1
6;85;1
21;85;1
20;85;1
27;85;1
4;85;1
9;85;1
22;85;1
6;85;1
7;85;1
26;85;1
9;85;1
10;85;1
18;85;1
23;85;1
13;85;1
21;85;1
22;85;1
30;85;1
21;85;1
28;85;1
18;85;1
3;85;1
28;85;1
27;85;1
8;85;1
3;85;1
19;85;1
15;85;1
27;85;1
3;85;1
15;85;1
26;85;1
4;85;1
15;85;1
11;85;1
17;85;1
18;85;1
7;85;1
2;85;1
29;85;1
26;89;1
29;89;1
23;89;1
19;89;1
18;89;1
17;89;1
25;89;1
19;89;1
4;89;1
5;89;1
16;89;1
15;89;1
25;89;1
26;89;1
4;89;1
16;89;1
8;89;1
2;89;1
8;89;1
14;89;1
24;89;1
18;89;1
9;89;1
17;89;1
14;89;1
22;89;1
26;89;1
5;89;1
23;89;1
11;89;1
30;89;1
3;89;1
19;89;1
4;89;1
12;89;1
16;89;1
14;89;1
10;89;1
15;89;1
21;89;1
12;89;1
29;89;1
28;89;1
8;89;1
13;89;1
4;89;1
7;89;1
30;89;1
9;89;1
11;89;1
13;89;1
14;89;1
22;89;1
20;89;1
27;89;1
15;89;1
15;89;1
15;89;1
20;89;1
18;89;1
14;89;1
11;89;1
1;89;1
29;89;1
7;89;1
19;89;1
29;89;1
29;89;1
2;89;1
18;89;1
22;89;1
15;89;1
9;89;1
22;89;1
24;89;1
15;89;1
3;89;1
3;89;1
3;89;1
30;89;1
14;89;1
17;89;1
21;89;1
8;89;1
4;89;1
4;89;1
29;89;1
6;89;1
16;89;1
2;89;1
7;89;1
19;89;1
19;89;1
7;89;1
27;89;1
24;89;1
11;89;1
2;89;1
15;89;1
28;89;1
29;89;1
23;89;1
20;89;1
18;89;1
22;89;1
29;89;1
16;89;1
29;89;1
2;89;1
15;89;1
30;89;1
4;89;1
22;89;1
6;89;1
23;89;1
29;89;1
3;89;1
21;89;1
20;89;1
27;89;1
16;89;1
18;89;1
5;89;1
7;89;1
20;89;1
24;89;1
15;89;1
24;89;1
10;89;1
19;89;1
15;89;1
16;89;1
27;89;1
5;89;1
17;89;1
17;89;1
20;89;1
4;89;1
21;89;1
7;89;1
29;89;1
27;89;1
21;89;1
1;89;1
13;89;1
11;89;1
6;89;1
13;89;1
27;89;1
4;89;1
24;89;1
5;89;1
7;89;1
23;89;1
29;89;1
14;89;1
3;89;1
1;89;1
8;89;1
3;89;1
20;89;1
8;89;1
6;89;1
3;89;1
16;89;1
4;89;1
24;89;1
29;89;1
18;89;1
8;89;1
19;89;1
26;89;1
6;89;1
30;89;1
30;89;1
8;89;1
2;89;1
15;89;1
27;89;1
1;89;1
7;89;1
20;89;1
10;89;1
1;89;1
9;89;1
11;89;1
13;89;1
4;89;1
29;89;1
17;89;1
9;89;1
29;89;1
13;89;1
10;89;1
30;89;1
8;89;1
15;89;1
13;89;1
8;89;1
17;92;1
30;92;1
10;92;1
27;92;1
20;92;1
20;92;1
18;92;1
21;92;1
29;92;1
14;92;1
4;92;1
12;92;1
5;92;1
11;92;1
5;92;1
5;92;1
28;92;1
17;92;1
12;92;1
9;92;1
10;92;1
17;92;1
9;92;1
25;92;1
25;92;1
18;92;1
29;92;1
16;92;1
4;92;1
11;92;1
28;92;1
20;92;1
1;92;1
20;92;1
10;92;1
14;92;1
26;92;1
9;92;1
13;92;1
10;92;1
12;92;1
5;92;1
2;92;1
4;92;1
18;92;1
24;92;1
26;92;1
25;92;1
22;92;1
28;92;1
9;92;1
9;92;1
1;92;1
26;92;1
13;92;1
25;92;1
12;92;1
27;92;1
8;92;1
28;92;1
1;92;1
14;92;1
22;92;1
5;92;1
10;92;1
17;92;1
29;92;1
3;92;1
11;92;1
8;92;1
1;92;1
14;92;1
25;92;1
16;92;1
12;92;1
12;92;1
14;92;1
23;92;1
11;92;1
10;92;1
6;92;1
29;92;1
18;92;1
10;92;1
6;92;1
14;92;1
7;92;1
30;92;1
16;92;1
19;92;1
18;92;1
18;92;1
10;92;1
29;92;1
6;92;1
7;92;1
28;92;1
8;92;1
15;92;1
7;92;1
6;92;1
22;92;1
14;92;1
17;92;1
25;92;1
6;92;1
14;92;1
17;92;1
28;92;1
26;92;1
16;92;1
16;92;1
3;92;1
24;92;1
21;92;1
9;92;1
17;92;1
17;92;1
19;92;1
13;92;1
19;92;1
26;92;1
12;92;1
21;92;1
2;92;1
4;92;1
30;92;1
30;92;1
26;92;1
29;92;1
12;92;1
30;92;1
5;92;1
21;92;1
3;92;1
27;92;1
10;92;1
16;92;1
14;92;1
20;92;1
17;92;1
8;92;1
25;92;1
19;92;1
17;92;1
29;92;1
4;92;1
10;92;1
21;92;1
30;92;1
12;92;1
27;92;1
20;92;1
16;92;1
26;92;1
25;92;1
27;92;1
18;92;1
20;92;1
8;92;1
10;92;1
5;92;1
10;92;1
7;92;1
23;92;1
10;92;1
6;92;1
23;92;1
15;92;1
23;92;1
28;92;1
25;92;1
3;92;1
23;92;1
30;92;1
5;92;1
7;92;1
6;92;1
23;92;1
18;92;1
5;92;1
4;92;1
11;92;1
6;92;1
28;92;1
8;92;1
21;92;1
20;92;1
13;92;1
10;92;1
10;92;1
4;92;1
26;92;1
1;92;1
21;92;1
26;92;1
5;92;1
8;92;1
13;92;1
1;92;1
15;92;1
30;92;1
11;92;1
25;92;1
1;92;1
20;92;1
8;92;1
22;92;1
9;92;1
29;92;1
8;92;1
16;92;1
11;92;1
23;92;1
14;92;1
23;92;1
7;92;1
11;92;1
17;92;1
18;92;1
19;92;1
5;92;1
13;92;1
11;92;1
5;92;1
5;92;1
13;92;1
14;92;1
24;92;1
14;92;1
20;92;1
30;92;1
25;92;1
8;92;1
5;92;1
24;92;1
3;92;1
19;92;1
11;92;1
1;92;1
3;92;1
25;92;1
12;92;1
14;92;1
15;92;1
5;92;1
20;92;1
16;92;1
6;92;1
24;92;1
5;92;1
21;92;1
28;92;1
14;92;1
15;92;1
17;92;1
11;92;1
1;92;1
7;92;1
30;92;1
30;92;1
20;92;1
9;92;1
17;92;1
30;92;1
8;92;1
13;92;1
11;92;1
18;92;1
11;92;1
13;92;1
16;92;1
12;92;1
3;92;1
13;92;1
1;92;1
22;92;1
16;92;1
16;92;1
18;92;1
23;92;1
17;92;1
9;92;1
29;92;1
14;92;1
16;92;1
19;92;1
7;92;1
17;92;1
9;92;1
12;92;1
13;92;1
10;92;1
24;92;1
10;92;1
20;92;1
13;92;1
22;92;1
7;92;1
30;92;1
4;92;1
21;92;1
15;92;1
27;92;1
2;92;1
7;92;1
16;92;1
15;92;1
27;92;1
12;92;1
3;92;1
13;92;1
5;92;1
9;92;1
27;92;1
9;92;1
25;92;1
19;92;1
16;92;1
11;92;1
14;92;1
24;92;1
14;92;1
30;92;1
7;92;1
3;92;1
27;92;1
20;92;1
13;92;1
13;92;1
26;92;1
22;92;1
30;92;1
9;92;1
16;92;1
18;92;1
11;92;1
5;92;1
2;92;1
4;92;1
26;92;1
8;92;1
7;92;1
12;92;1
6;92;1
26;92;1
12;92;1
22;92;1
28;92;1
21;92;1
7;92;1
15;92;1
5;92;1
6;92;1
28;92;1
22;92;1
3;92;1
4;92;1
18;92;1
28;92;1
17;92;1
16;92;1
5;92;1
27;92;1
23;92;1
20;92;1
1;92;1
7;92;1
6;92;1
23;92;1
16;92;1
10;92;1
30;92;1
3;92;1
11;92;1
2;92;1
25;92;1
30;92;1
5;92;1
16;92;1
14;92;1
10;92;1
30;92;1
28;92;1
8;92;1
16;92;1
10;92;1
5;92;1
12;92;1
7;92;1
9;92;1
13;92;1
4;92;1
28;92;1
22;92;1
4;92;1
25;92;1
18;92;1
6;92;1
4;92;1
26;92;1
19;92;1
27;92;1
11;92;1
22;92;1
21;92;1
24;92;1
17;92;1
15;92;1
2;92;1
25;92;1
11;92;1
11;92;1
5;92;1
7;92;1
14;92;1
23;92;1
2;94;1
2;94;1
24;94;1
12;94;1
24;94;1
8;94;1
1;94;1
13;94;1
24;94;1
16;94;1
21;94;1
30;94;1
17;94;1
14;94;1
6;94;1
25;94;1
19;94;1
16;94;1
5;94;1
30;94;1
15;94;1
20;94;1
24;94;1
5;94;1
5;94;1
3;94;1
12;94;1
9;94;1
20;94;1
3;94;1
18;94;1
29;94;1
29;94;1
29;94;1
4;94;1
15;94;1
8;94;1
23;94;1
30;94;1
28;94;1
21;94;1
22;94;1
30;94;1
8;94;1
17;94;1
16;94;1
27;94;1
26;94;1
19;94;1
1;94;1
12;94;1
11;94;1
14;94;1
26;94;1
17;94;1
13;94;1
21;94;1
22;94;1
15;94;1
6;94;1
23;94;1
5;94;1
7;94;1
8;94;1
6;94;1
15;94;1
22;94;1
6;94;1
21;94;1
12;94;1
11;94;1
7;94;1
2;94;1
27;94;1
27;94;1
5;94;1
13;94;1
9;94;1
17;94;1
14;94;1
15;94;1
18;94;1
1;94;1
11;94;1
13;94;1
14;94;1
13;94;1
18;94;1
25;94;1
24;94;1
15;94;1
15;94;1
28;94;1
9;94;1
10;94;1
19;94;1
24;94;1
29;94;1
30;94;1
9;94;1
23;94;1
16;94;1
24;94;1
26;94;1
1;94;1
12;94;1
21;94;1
20;94;1
21;94;1
25;94;1
21;94;1
18;94;1
21;94;1
8;94;1
7;94;1
9;94;1
2;94;1
6;94;1
14;94;1
29;94;1
14;94;1
14;94;1
23;94;1
30;94;1
25;94;1
27;94;1
2;94;1
15;94;1
20;94;1
21;94;1
7;94;1
15;94;1
17;94;1
17;94;1
10;94;1
12;94;1
3;94;1
9;94;1
13;94;1
29;94;1
27;94;1
8;94;1
10;94;1
18;94;1
17;94;1
18;94;1
14;94;1
21;94;1
23;94;1
26;94;1
15;94;1
1;94;1
27;94;1
3;94;1
24;94;1
29;94;1
30;94;1
15;94;1
4;94;1
4;94;1
17;94;1
15;94;1
7;94;1
14;94;1
4;94;1
11;94;1
16;94;1
26;94;1
1;94;1
12;94;1
27;94;1
10;94;1
30;94;1
12;94;1
2;94;1
21;94;1
15;94;1
22;94;1
28;94;1
25;94;1
3;94;1
2;94;1
8;94;1
6;94;1
18;94;1
7;94;1
27;94;1
7;94;1
21;94;1
21;94;1
26;94;1
15;94;1
7;94;1
18;94;1
12;94;1
13;94;1
2;94;1
12;94;1
14;94;1
16;94;1
20;94;1
29;94;1
22;94;1
15;94;1
7;94;1
8;97;1
11;97;1
22;97;1
2;97;1
29;97;1
30;97;1
4;97;1
21;97;1
20;97;1
2;97;1
5;97;1
7;97;1
2;97;1
27;97;1
14;97;1
10;97;1
8;97;1
2;97;1
24;97;1
10;97;1
5;97;1
27;97;1
7;97;1
7;97;1
28;97;1
9;97;1
16;97;1
15;97;1
17;97;1
26;97;1
25;97;1
16;97;1
17;97;1
30;97;1
5;97;1
26;97;1
6;97;1
5;97;1
1;97;1
15;97;1
17;97;1
14;97;1
15;97;1
17;97;1
9;97;1
21;97;1
28;97;1
2;97;1
9;97;1
15;97;1
17;97;1
12;97;1
18;97;1
23;97;1
26;97;1
20;97;1
7;97;1
14;97;1
27;97;1
23;97;1
10;97;1
11;97;1
7;97;1
3;97;1
10;97;1
3;97;1
7;97;1
29;97;1
18;97;1
28;97;1
26;97;1
24;97;1
26;97;1
3;97;1
9;97;1
27;97;1
4;97;1
9;97;1
22;97;1
2;97;1
17;97;1
27;97;1
3;97;1
12;97;1
25;97;1
12;97;1
7;97;1
1;97;1
7;97;1
24;97;1
11;97;1
18;97;1
11;97;1
1;97;1
5;97;1
29;97;1
7;97;1
21;97;1
28;97;1
7;97;1
9;97;1
13;97;1
22;97;1
10;97;1
3;97;1
22;97;1
17;97;1
25;97;1
14;97;1
20;97;1
4;97;1
13;97;1
10;97;1
6;97;1
12;97;1
17;97;1
27;97;1
3;97;1
29;97;1
3;97;1
20;97;1
8;97;1
13;97;1
29;97;1
22;97;1
18;97;1
29;97;1
5;97;1
25;97;1
9;97;1
13;97;1
22;97;1
30;97;1
8;97;1
18;97;1
3;97;1
12;97;1
29;97;1
13;97;1
17;97;1
3;97;1
5;97;1
11;97;1
24;97;1
14;97;1
29;97;1
22;97;1
13;97;1
25;97;1
5;97;1
3;97;1
15;97;1
19;97;1
8;97;1
4;97;1
14;97;1
25;97;1
24;97;1
27;97;1
27;97;1
16;97;1
30;97;1
22;97;1
3;97;1
12;97;1
4;97;1
5;97;1
17;97;1
8;97;1
27;97;1
6;97;1
13;97;1
7;97;1
18;97;1
26;97;1
18;97;1
20;97;1
4;97;1
5;97;1
28;97;1
7;97;1
28;97;1
29;97;1
14;97;1
6;97;1
14;97;1
25;97;1
21;97;1
28;103;1
13;103;1
28;103;1
21;103;1
30;103;1
3;103;1
16;103;1
27;103;1
20;103;1
24;103;1
7;103;1
28;103;1
4;103;1
6;103;1
17;103;1
5;103;1
20;103;1
23;103;1
8;103;1
5;103;1
16;103;1
27;103;1
7;103;1
1;103;1
17;103;1
29;103;1
28;103;1
18;103;1
2;103;1
2;103;1
3;103;1
19;103;1
12;103;1
7;103;1
4;103;1
24;103;1
16;103;1
12;103;1
13;103;1
11;103;1
20;103;1
2;103;1
10;103;1
5;103;1
10;103;1
11;103;1
20;103;1
13;103;1
4;103;1
1;103;1
1;103;1
10;103;1
29;103;1
22;103;1
21;103;1
15;103;1
8;103;1
15;103;1
22;103;1
13;103;1
27;103;1
3;103;1
24;103;1
30;103;1
8;103;1
30;103;1
8;103;1
8;103;1
11;103;1
19;103;1
1;103;1
14;103;1
14;103;1
29;103;1
21;103;1
9;103;1
8;103;1
12;103;1
12;103;1
1;103;1
22;103;1
20;103;1
30;103;1
2;103;1
4;103;1
22;103;1
19;103;1
2;103;1
23;103;1
9;103;1
30;103;1
4;103;1
19;103;1
23;103;1
22;103;1
26;103;1
12;103;1
23;103;1
19;103;1
24;103;1
3;103;1
14;103;1
13;103;1
2;103;1
6;103;1
5;103;1
27;103;1
17;103;1
6;103;1
18;103;1
3;103;1
17;103;1
22;103;1
26;103;1
7;103;1
22;103;1
13;103;1
16;103;1
25;103;1
18;103;1
30;103;1
28;103;1
25;103;1
5;103;1
19;103;1
3;103;1
14;103;1
6;103;1
16;103;1
10;103;1
18;103;1
21;103;1
17;103;1
17;103;1
10;103;1
4;103;1
15;103;1
26;103;1
4;103;1
7;103;1
12;103;1
2;103;1
27;103;1
10;103;1
10;103;1
5;103;1
19;103;1
14;103;1
23;103;1
15;103;1
26;103;1
22;103;1
7;103;1
10;103;1
13;103;1
30;103;1
15;103;1
15;103;1
22;103;1
4;103;1
22;103;1
10;103;1
2;103;1
5;103;1
5;103;1
30;103;1
30;103;1
11;103;1
16;103;1
8;103;1
1;103;1
7;103;1
9;103;1
1;103;1
10;103;1
10;103;1
15;103;1
26;103;1
14;103;1
2;103;1
4;103;1
23;103;1
22;103;1
6;103;1
29;103;1
27;103;1
29;103;1
18;103;1
19;103;1
18;103;1
20;103;1
17;103;1
20;103;1
1;103;1
28;103;1
3;103;1
15;103;1
4;103;1
28;103;1
21;104;1
15;104;1
4;104;1
30;104;1
19;104;1
15;104;1
22;104;1
1;104;1
30;104;1
20;104;1
14;104;1
8;104;1
25;104;1
12;104;1
1;104;1
6;104;1
9;104;1
9;104;1
11;104;1
19;104;1
6;104;1
1;104;1
11;104;1
22;104;1
8;104;1
11;104;1
4;104;1
8;104;1
16;104;1
8;104;1
13;104;1
10;104;1
21;104;1
13;104;1
23;104;1
12;104;1
14;104;1
13;104;1
22;104;1
15;104;1
6;104;1
5;104;1
14;104;1
22;104;1
4;104;1
3;104;1
8;104;1
10;104;1
24;104;1
6;104;1
18;104;1
26;104;1
28;104;1
30;104;1
28;104;1
20;104;1
22;104;1
21;104;1
2;104;1
29;104;1
1;104;1
22;104;1
15;104;1
29;104;1
8;104;1
7;104;1
20;104;1
30;104;1
12;104;1
22;104;1
4;104;1
1;104;1
9;104;1
2;104;1
19;104;1
24;104;1
7;104;1
19;104;1
2;104;1
20;104;1
17;104;1
18;104;1
26;104;1
11;104;1
29;104;1
27;104;1
3;104;1
4;104;1
28;104;1
16;104;1
10;104;1
21;104;1
13;104;1
13;104;1
9;104;1
23;104;1
10;104;1
5;104;1
5;104;1
21;104;1
29;104;1
15;104;1
20;104;1
8;104;1
2;104;1
24;104;1
30;104;1
9;104;1
7;104;1
3;104;1
2;104;1
25;104;1
23;104;1
9;104;1
22;104;1
16;104;1
11;104;1
29;104;1
13;104;1
21;104;1
2;104;1
26;104;1
8;104;1
18;104;1
24;104;1
15;104;1
12;104;1
26;104;1
6;104;1
26;104;1
11;104;1
7;104;1
6;104;1
14;104;1
11;104;1
8;104;1
29;104;1
6;104;1
27;104;1
29;104;1
21;104;1
28;104;1
27;104;1
23;104;1
12;104;1
10;104;1
29;104;1
29;104;1
10;104;1
12;104;1
15;104;1
13;104;1
11;104;1
9;104;1
25;104;1
12;104;1
14;104;1
23;104;1
12;104;1
1;104;1
14;104;1
8;104;1
9;104;1
24;104;1
8;104;1
13;104;1
28;104;1
10;104;1
3;104;1
12;104;1
26;104;1
4;104;1
19;104;1
11;104;1
24;104;1
8;104;1
6;104;1
9;104;1
4;104;1
9;104;1
12;104;1
17;104;1
17;104;1
4;104;1
22;104;1
2;104;1
6;104;1
11;104;1
1;104;1
19;104;1
15;104;1
28;104;1
20;104;1
18;106;1
22;106;1
22;106;1
30;106;1
2;106;1
10;106;1
14;106;1
18;106;1
10;106;1
17;106;1
21;106;1
30;106;1
14;106;1
23;106;1
15;106;1
28;106;1
14;106;1
28;106;1
22;106;1
8;106;1
14;106;1
22;106;1
1;106;1
27;106;1
8;106;1
11;106;1
26;106;1
25;106;1
26;106;1
22;106;1
1;106;1
13;106;1
27;106;1
2;106;1
1;106;1
26;106;1
10;106;1
22;106;1
10;106;1
14;106;1
7;106;1
20;106;1
4;106;1
10;106;1
27;106;1
26;106;1
3;106;1
29;106;1
13;106;1
26;106;1
6;106;1
6;106;1
6;106;1
5;106;1
25;106;1
4;106;1
6;106;1
24;106;1
21;106;1
12;106;1
6;106;1
28;106;1
26;106;1
25;106;1
3;106;1
10;106;1
20;106;1
5;106;1
1;106;1
22;106;1
6;106;1
3;106;1
14;106;1
30;106;1
15;106;1
2;106;1
16;106;1
7;106;1
13;106;1
8;106;1
23;106;1
17;106;1
2;106;1
16;106;1
16;106;1
16;106;1
6;106;1
27;106;1
12;106;1
13;106;1
15;106;1
16;106;1
15;106;1
6;106;1
1;106;1
26;106;1
12;106;1
29;106;1
19;106;1
16;106;1
18;106;1
25;106;1
25;106;1
1;106;1
16;106;1
29;106;1
5;106;1
2;106;1
3;106;1
24;106;1
3;106;1
7;106;1
3;106;1
2;106;1
5;106;1
8;106;1
24;106;1
5;106;1
15;106;1
9;106;1
5;106;1
17;106;1
12;106;1
24;106;1
7;106;1
18;106;1
26;106;1
5;106;1
14;106;1
14;106;1
5;106;1
21;106;1
22;106;1
16;106;1
14;106;1
25;106;1
22;106;1
9;106;1
10;106;1
20;106;1
10;106;1
12;106;1
24;106;1
19;106;1
18;106;1
19;106;1
21;106;1
9;106;1
7;106;1
29;106;1
5;106;1
16;106;1
19;106;1
21;106;1
29;106;1
11;106;1
1;106;1
16;106;1
10;106;1
18;106;1
29;106;1
18;106;1
14;106;1
20;106;1
21;106;1
26;106;1
4;106;1
9;106;1
3;106;1
8;106;1
9;106;1
9;106;1
21;106;1
25;106;1
21;106;1
3;106;1
26;106;1
3;106;1
7;106;1
2;106;1
26;106;1
21;106;1
11;106;1
25;106;1
23;106;1
14;112;1
11;112;1
17;112;1
14;112;1
23;112;1
2;112;1
14;112;1
2;112;1
25;112;1
22;112;1
20;112;1
9;112;1
24;112;1
30;112;1
16;112;1
3;112;1
9;112;1
22;112;1
27;112;1
29;112;1
27;112;1
26;112;1
7;112;1
1;112;1
30;112;1
5;112;1
7;112;1
10;112;1
6;112;1
22;112;1
23;112;1
16;112;1
19;112;1
26;112;1
19;112;1
28;112;1
3;112;1
7;112;1
1;112;1
22;112;1
21;112;1
27;112;1
27;112;1
26;112;1
21;112;1
12;112;1
29;112;1
21;112;1
11;112;1
4;112;1
25;112;1
3;112;1
5;112;1
6;112;1
10;112;1
10;112;1
11;112;1
29;112;1
27;112;1
26;112;1
9;112;1
2;112;1
26;112;1
3;112;1
21;112;1
14;112;1
28;112;1
30;112;1
29;112;1
27;112;1
10;112;1
29;112;1
4;112;1
4;112;1
24;112;1
25;112;1
7;112;1
30;112;1
13;112;1
25;112;1
17;112;1
30;112;1
18;112;1
18;112;1
16;112;1
16;112;1
21;112;1
28;112;1
12;112;1
8;112;1
24;112;1
24;112;1
1;112;1
16;112;1
6;112;1
4;112;1
13;112;1
30;112;1
3;112;1
26;112;1
18;112;1
9;112;1
29;112;1
16;112;1
13;112;1
1;112;1
22;112;1
12;112;1
2;112;1
22;112;1
13;112;1
21;112;1
25;112;1
24;112;1
21;112;1
30;112;1
27;112;1
19;112;1
4;112;1
5;112;1
19;112;1
15;112;1
4;112;1
26;112;1
23;112;1
10;112;1
27;112;1
2;112;1
5;112;1
7;112;1
24;112;1
10;112;1
4;112;1
20;112;1
24;112;1
18;112;1
20;112;1
24;112;1
5;112;1
25;112;1
15;112;1
13;112;1
3;112;1
13;112;1
12;112;1
25;112;1
6;112;1
15;112;1
18;112;1
27;112;1
10;112;1
18;112;1
19;112;1
19;112;1
6;112;1
3;112;1
6;112;1
10;112;1
21;112;1
11;112;1
26;112;1
8;112;1
6;112;1
24;112;1
20;112;1
26;112;1
25;112;1
23;112;1
27;112;1
17;112;1
25;112;1
19;112;1
5;112;1
22;112;1
5;112;1
24;112;1
3;112;1
7;112;1
24;112;1
17;112;1
17;112;1
5;112;1
20;112;1
10;114;1
14;114;1
29;114;1
18;114;1
11;114;1
9;114;1
29;114;1
9;114;1
2;114;1
24;114;1
21;114;1
20;114;1
9;114;1
8;114;1
15;114;1
14;114;1
28;114;1
21;114;1
17;114;1
1;114;1
9;114;1
8;114;1
3;114;1
19;114;1
20;114;1
17;114;1
5;114;1
6;114;1
23;114;1
18;114;1
12;114;1
7;114;1
29;114;1
9;114;1
29;114;1
22;114;1
4;114;1
6;114;1
14;114;1
27;114;1
23;114;1
26;114;1
26;114;1
25;114;1
18;114;1
12;114;1
30;114;1
11;114;1
14;114;1
24;114;1
29;114;1
26;114;1
23;114;1
12;114;1
23;114;1
27;114;1
13;114;1
3;114;1
21;114;1
9;114;1
9;114;1
24;114;1
9;114;1
27;114;1
20;114;1
16;114;1
29;114;1
4;114;1
2;114;1
20;114;1
16;114;1
3;114;1
14;114;1
16;114;1
14;114;1
22;114;1
30;114;1
4;114;1
25;114;1
13;114;1
5;114;1
29;114;1
21;114;1
5;114;1
10;114;1
25;114;1
10;114;1
9;114;1
19;114;1
30;114;1
7;114;1
16;114;1
6;114;1
15;114;1
25;114;1
27;114;1
21;114;1
8;114;1
3;114;1
25;114;1
22;114;1
12;114;1
2;114;1
6;114;1
19;114;1
24;114;1
23;114;1
22;114;1
18;114;1
16;114;1
22;114;1
20;114;1
13;114;1
3;114;1
30;114;1
8;114;1
19;114;1
4;114;1
18;114;1
22;114;1
7;114;1
9;114;1
11;114;1
14;114;1
1;114;1
5;114;1
26;114;1
19;114;1
18;114;1
6;114;1
27;114;1
26;114;1
2;114;1
19;114;1
18;114;1
29;114;1
19;114;1
12;114;1
4;114;1
18;114;1
13;114;1
27;114;1
13;114;1
27;114;1
1;114;1
19;114;1
20;114;1
27;114;1
13;114;1
6;114;1
12;114;1
10;114;1
22;114;1
8;114;1
6;114;1
18;114;1
6;114;1
17;114;1
16;114;1
4;114;1
20;114;1
18;114;1
13;114;1
21;114;1
24;114;1
19;114;1
12;114;1
25;114;1
17;114;1
17;114;1
20;114;1
24;114;1
10;114;1
16;114;1
14;114;1
1;114;1
15;114;1
2;114;1
23;114;1
13;114;1
21;114;1
23;114;1
5;114;1
3;114;1
8;114;1
13;114;1
3;114;1
25;114;1
18;114;1
17;114;1
5;114;1
2;114;1
21;114;1
28;114;1
25;114;1
30;114;1
10;114;1
30;114;1
5;114;1
19;114;1
26;114;1
17;114;1
5;114;1
22;114;1
24;114;1
24;114;1
21;114;1
25;114;1
21;114;1
30;114;1
1;114;1
26;114;1
